,ID,cx_p,cy_p,c_p (Pa),cx_c,cy_c,passed_USEC,lifetime (h),tot_dist_p (km),tot_dist_c (km),speed_p (km/h),speed_c (km/h),av_cx_p,av_cy_p,av_cx_c,av_cy_c,cx_p_h,cy_p_h,time_index_h,total_precip (m^3),c_p_h (Pa),min_p_h (Pa),max_w_h (m/s),max_w_all_h (m/s),max_w_h_750 (m/s),max_w_all_h_750 (m/s),max_w_h_1000 (m/s),max_w_all_h_1000 (m/s),total_precip_750 (m^3),total_precip_1000 (m^3)
0,10081965-00-6-15,"[6, 14, 17, 27, 46, 47, 54, 55, 57, 51, 53, 78, 95, 112, 132, 149, 155]","[15, 17, 19, 20, 15, 15, 10, 11, 14, 23, 25, 50, 42, 28, 16, 5, 0]","[98772.5, 98627.8125, 98476.8125, 98622.1875, 98870.375, 98870.375, 98977.625, 99389.9375, 99843.5, 100216.1875, 100432.4375, 100669.75, 100579.0, 100380.625, 100140.3125, 99777.125, 99468.125]","[7, 15, 19, 29, 40, 40, 47, 51, 50, 56, 58, 67, 96, 114, 130, 148, 155]","[13, 16, 18, 18, 16, 16, 14, 16, 19, 22, 30, 36, 42, 29, 18, 6, 0]",3,96,4486.196497659706,3920.460538253096,46.73121351728861,40.83813060680309,67.52941176470588,19.11764705882353,66.0,19.352941176470587,"[  6   7   9  10  11  13  14  14  15  16  16  16  17  19  20  22  24  25
  27  30  33  36  40  43  46  46  46  46  47  47  47  48  49  50  52  53
  54  54  54  54  55  55  55  55  56  56  56  57  57  56  55  54  53  52
  51  51  52  52  52  53  53  57  61  66  70  74  78  81  84  86  89  92
  95  98 101 104 106 109 112 115 119 122 125 129 132 135 138 140 143 146
 149 150 151 152 153 154 155]","[15 15 16 16 16 17 17 17 18 18 18 19 19 19 19 20 20 20 20 19 18 18 17 16
 15 15 15 15 15 15 15 14 13 12 12 11 10 10 10 10 11 11 11 12 12 12 13 14
 14 16 17 18 20 22 23 23 24 24 24 25 25 29 33 38 42 46 50 49 47 46 45 43
 42 40 37 35 33 30 28 26 24 22 20 18 16 14 12 10  9  7  5  4  3  2  2  1
  0]","[888 889 890 891 892 893 894 895 896 897 898 899 900 901 902 903 904 905
 906 907 908 909 910 911 912 913 914 915 916 917 918 919 920 921 922 923
 924 925 926 927 928 929 930 931 932 933 934 935 936 937 938 939 940 941
 942 943 944 945 946 947 948 949 950 951 952 953 954 955 956 957 958 959
 960 961 962 963 964 965 966 967 968 969 970 971 972 973 974 975 976 977
 978 979 980 981 982 983 984]",18427241685.678333,"[ 98772.5     98721.5625  98731.8125  98651.625   98701.1875  98655.6875
  98627.8125  98575.5     98524.6875  98529.125   98483.5625  98482.75
  98476.8125  98507.9375  98511.5     98550.3125  98586.      98597.375
  98622.1875  98640.0625  98662.3125  98682.375   98865.875   98875.3125
  98870.375   98884.1875  98898.3125  98893.25    98924.5625  98952.4375
  98977.625   99008.625   99035.0625  99059.875   99239.75    99307.375
  99389.9375  99437.9375  99508.875   99589.9375  99699.0625  99757.
  99843.5     99903.375   99973.25   100054.25   100122.4375 100177.25
 100216.1875 100242.375  100314.125  100309.375  100318.625  100393.375
 100432.4375 100454.25   100493.4375 100520.     100695.5    100663.125
 100703.     100744.1875 100716.5625 100699.4375 100673.875  100638.25
 100579.     100526.0625 100571.75   100532.4375 100619.0625 100427.1875
 100380.625  100339.875  100317.5    100293.1875 100269.875  100220.5625
 100140.3125 100040.875  100028.375  100024.6875  99983.5     99915.0625
  99777.125   99758.375   99674.9375  99600.8125  99536.9375  99450.625
  99468.125   99557.25    99594.4375  99648.      99699.5625  99613.875
  99676.0625]",98476.8125,"[12.61655672 13.6532793  13.78486877 14.19443289 14.63414314 15.07896998
 15.13548912 14.83317203 14.96930677 14.96046373 13.66707109 13.92186959
 14.07424114 14.32282748 14.28767547 14.70674001 15.01005866 15.06951789
 15.47826327 15.47378903 15.13990595 13.93620381 13.94956431 12.74628503
 12.4061676  12.22657278 12.89854636 13.66908404 13.67441319 14.12792709
 13.94436655 12.6797019  11.41917224 11.4870093  10.64680038 10.81487018
 11.13534963 10.85798167  9.59059621  9.16566913  8.82946733  8.50657387
  7.62731152  8.19582876  8.72271463  9.02158634 10.04565404  9.74442584
  9.42152001  8.75298576  8.00774656  9.06074546  8.82276631  8.25216946
  7.72521809  7.9336854   7.98839894  7.8890407   7.65677445  8.74058887
  8.75375517  8.54646417 12.38672384 15.44294055 15.10621687 15.08470179
 14.27542247 14.46815948 15.44846642 14.77050708 14.19980362 13.96387999
 14.3140209  13.52128284 13.4178715  13.92816123 14.28090135 14.25801697
 13.91366578 14.10678621 14.13878649 14.28708403 13.48218099 13.99356651
 14.91253826 14.5923799  14.36144308 14.46630872 14.18494647 14.11734335
 14.50112142 15.12118737 15.37350828 15.09001812 17.5729427  17.07583053
 16.9291311 ]",17.57294269513514,"[12.61655672 13.6532793  13.78486877 14.19443289 14.63414314 15.07896998
 15.13548912 14.83317203 14.96930677 14.96046373 13.66707109 13.92186959
 14.07424114 14.32282748 14.28767547 14.70674001 15.01005866 15.06951789
 15.47826327 15.47378903 15.13990595 13.93620381 13.94956431 13.54037871
 13.90671411 13.78374532 14.0690579  13.95814189 13.67441319 14.12792709
 13.94436655 14.10846598 13.90258718 13.79058569 13.62226929 13.98885795
 13.61895001 13.68419053 12.7366908  12.9422189  11.86427448 11.72181427
 10.92025611 10.02651921  9.03197644  9.90993233 10.04565404  9.74442584
  9.42152001  8.75298576  8.2219814   9.06074546  8.82276631  8.25216946
  8.37656473  8.67602426  8.75594228  9.39665209 10.65802145 13.09317108
 13.68231742 14.45397871 14.88012113 15.44294055 15.10621687 15.08470179
 14.27542247 14.46815948 15.44846642 14.77050708 14.19980362 13.96387999
 14.3140209  13.52128284 13.4178715  13.92816123 14.28090135 14.25801697
 13.91366578 14.10678621 14.13878649 14.28708403 13.88869424 15.32733838
 16.04761328 15.70070288 15.3491576  14.91566048 14.89440863 14.42521701
 15.19092052 15.12118737 15.37350828 15.09001812 17.5729427  17.07583053
 16.9291311 ]",17.57294269513514,"[13.51372669 14.06323497 15.28127326 14.56597369 15.70126938 15.07896998
 15.13548912 14.83317203 14.96930677 14.96046373 13.66707109 13.92186959
 14.07424114 14.32282748 14.28767547 14.70674001 15.01005866 15.06951789
 15.47826327 15.47378903 15.13990595 13.93620381 13.94956431 13.54037871
 13.90671411 13.78374532 14.0690579  13.95814189 13.67441319 14.12792709
 13.94436655 14.10846598 13.90258718 13.79058569 13.69369109 14.01648528
 14.37790887 13.81166627 12.85833255 12.9422189  13.17426309 12.80492606
 11.95180741 11.22060159 10.94365038 10.88966855 10.04565404  9.74988759
  9.7640244  10.22802458  9.84177627  9.88533965 10.00716449 10.43305483
 11.86456394 11.96606317 12.54126064 12.96807357 13.57611306 13.68255526
 14.09392703 14.45397871 14.88012113 15.44294055 15.10621687 15.08470179
 14.27542247 14.46815948 15.44846642 14.77050708 14.52488138 13.96387999
 14.3140209  13.52128284 13.4178715  13.92816123 14.28090135 14.25801697
 13.91366578 14.10678621 14.13878649 14.28708403 13.88869424 15.32733838
 16.04761328 15.70070288 15.3491576  14.91566048 14.89440863 14.42521701
 15.19092052 15.12118737 15.37350828 15.09001812 17.5729427  17.07583053
 16.9291311 ]",17.57294269513514,41755954446.56275,61508483086.51957
1,10211965-12-61-61,"[61, 62, 64, 66, 35]","[61, 57, 53, 48, 43]","[100905.1875, 100817.0625, 100747.625, 100621.8125, 100538.25]","[60, 61, 63, 66, 35]","[63, 58, 53, 49, 46]",4,24,1066.4409892249428,1099.2401707563486,44.43504121770595,45.80167378151452,57.6,52.4,57.0,53.8,"[61 61 61 62 62 62 62 62 63 63 63 64 64 64 65 65 65 66 66 61 56 50 45 40
 35]","[61 60 60 59 58 58 57 56 56 55 54 54 53 52 51 50 50 49 48 47 46 46 45 44
 43]","[1212 1213 1214 1215 1216 1217 1218 1219 1220 1221 1222 1223 1224 1225
 1226 1227 1228 1229 1230 1231 1232 1233 1234 1235 1236]",7697145163.050847,"[100905.1875 100887.5    100883.5    100929.125  100870.1875 100833.6875
 100817.0625 100762.8125 100730.875  100711.     100699.0625 100744.9375
 100747.625  100781.875  100771.3125 100698.     100739.125  100673.8125
 100621.8125 100558.125  100564.6875 100529.     100582.75   100547.375
 100538.25  ]",100529.0,"[14.05609434 13.95805115 14.08502319 14.51729148 14.33341403 14.14691288
 13.77019877 13.50169966 13.03602295 12.51460786 10.62014553 10.98804153
 11.00674149 10.63734294 10.9618716  11.03470715 11.23190353 11.83555136
 11.77892211 11.40960258 10.90356799 10.38728341  9.73906526  9.20892146
  9.52511637]",14.517291477515403,"[14.05609434 13.95805115 14.08502319 14.51729148 14.33341403 14.14691288
 13.77019877 13.50169966 13.03602295 12.51460786 10.62014553 10.98804153
 12.72265365 12.96659055 12.29337555 11.96729231 11.97656054 12.0256162
 11.98038842 11.40960258 10.90356799 10.81966252 10.87037359 10.48980687
 10.38049369]",14.517291477515403,"[14.05609434 13.95805115 14.08502319 14.51729148 14.33341403 14.14691288
 13.77019877 13.50169966 13.5778931  13.75920166 12.64973556 13.21526399
 13.68706783 13.54243183 12.91618732 12.14840508 11.97656054 12.0256162
 11.98038842 12.26340945 12.7665308  12.53070748 10.87037359 11.86862175
 13.53657245]",14.517291477515403,15640607757.114935,25639918904.332558
2,11151965-18-0-12,"[0, 24, 37, 38, 17, 49, 54, 71, 81, 82, 82, 101, 102, 101]","[12, 16, 17, 18, 13, 23, 28, 20, 24, 18, 13, 6, 6, 0]","[100632.4375, 100089.0, 99869.375, 99803.125, 99710.8125, 99318.125, 98855.75, 98726.125, 98281.1875, 98141.3125, 98279.625, 98677.875, 98677.875, 98846.6875]","[9, 17, 34, 39, 35, 41, 54, 68, 81, 83, 84, 93, 93, 99]","[16, 16, 17, 20, 21, 24, 25, 21, 25, 18, 11, 11, 11, 4]",3,78,3573.150620500908,2473.959923828239,45.80962333975522,31.71743492087485,59.92857142857143,15.285714285714286,59.285714285714285,17.142857142857142,"[  0   4   8  12  16  20  24  26  28  30  33  35  37  37  37  38  38  38
  38  34  31  28  24  20  17  22  28  33  38  44  49  50  51  52  52  53
  54  57  60  62  65  68  71  73  74  76  78  79  81  81  81  82  82  82
  82  82  82  82  82  82  82  85  88  92  95  98 101 101 101 102 102 102
 102 102 102 102 101 101 101]","[12 13 13 14 15 15 16 16 16 16 17 17 17 17 17 18 18 18 18 17 16 16 15 14
 13 15 16 18 20 21 23 24 25 26 26 27 28 27 25 24 23 21 20 21 21 22 23 23
 24 23 22 21 20 19 18 17 16 16 15 14 13 12 11 10  8  7  6  6  6  6  6  6
  6  5  4  3  2  1  0]","[1818 1819 1820 1821 1822 1823 1824 1825 1826 1827 1828 1829 1830 1831
 1832 1833 1834 1835 1836 1837 1838 1839 1840 1841 1842 1843 1844 1845
 1846 1847 1848 1849 1850 1851 1852 1853 1854 1855 1856 1857 1858 1859
 1860 1861 1862 1863 1864 1865 1866 1867 1868 1869 1870 1871 1872 1873
 1874 1875 1876 1877 1878 1879 1880 1881 1882 1883 1884 1885 1886 1887
 1888 1889 1890 1891 1892 1893 1894 1895 1896]",40426663001.01674,"[100632.4375 100440.9375 100365.125  100345.4375 100185.9375 100201.375
 100089.     100053.8125  99954.375   99871.      99867.875   99860.5
  99869.375   99866.375   99866.      99828.6875  99859.75    99849.4375
  99803.125   99782.0625  99750.9375  99786.3125  99763.6875  99737.125
  99710.8125  99556.8125  99535.8125  99463.9375  99368.6875  99343.6875
  99318.125   99267.375   99206.5     99081.9375  99074.125   98943.5625
  98855.75    98772.4375  98679.875   98647.9375  98752.125   98707.6875
  98726.125   98648.      98604.      98660.125   98553.75    98416.4375
  98281.1875  98203.1875  98146.25    98081.625   98135.1875  98180.
  98141.3125  98087.4375  98063.375   98052.9375  98145.0625  98203.4375
  98279.625   98331.0625  98384.875   98501.6875  98705.4375  98736.8125
  98677.875   98699.4375  98734.      98781.75    98742.125   98715.625
  98846.6875  98880.625   98902.8125  98975.9375  98970.75    98944.3125
  99071.25  ]",98052.9375,"[12.04714181 10.76676542 11.61182538 11.45554954 12.57294698 13.50984443
 13.7509021  14.03531133 13.92995074 13.98283897 14.29167575 14.02873916
 13.87247092 13.51813329 13.33964696 12.99038639 12.36123591 12.32935242
 12.38047419 12.99069135 13.69036989 14.22335673 14.38761523 14.87205222
 16.53082057 17.1539887  17.06690072 16.79953656 15.11831635 15.66702117
 11.86234943 13.38983563 15.75896408 16.14224226 16.032622   16.19551693
 15.60361956 16.42038737 16.74697723 15.62575809 14.73180717 13.3472007
 13.23158743 13.31965083 13.93149571 15.32048726 15.34230053 15.17662045
 16.82046981 17.22370872 17.42345816 17.37121947 15.36712689 15.64911299
 16.07322748 16.2390888  16.33896213 16.76261992 16.99518079 17.66046361
 17.72685756 17.32604372 17.31292144 17.70688174 18.5990601  17.63178388
 17.21092299 16.9873021  17.15668682 17.21280183 16.15249938 15.11007207
 14.68554414 14.30278191 14.13101572 15.34440871 12.15747271 11.79490078
 11.00445196]",18.599060104868048,"[12.04714181 11.70994002 11.61182538 11.45554954 12.57294698 13.50984443
 13.7509021  14.03531133 13.92995074 13.98283897 14.29167575 14.02873916
 13.87247092 13.51813329 13.33964696 12.99038639 12.36123591 12.32935242
 12.38504036 12.99069135 13.69036989 14.22335673 14.38761523 14.87205222
 16.53082057 17.1539887  17.06690072 16.79953656 15.85594996 16.73650418
 16.67235545 16.47408311 16.868516   16.14224226 16.60678497 16.19551693
 15.60361956 16.42038737 16.74697723 16.56114162 15.57016692 15.43805523
 15.58670233 15.76375128 15.69860908 16.08257966 16.79171583 16.87366935
 17.72523484 17.91776277 18.06408213 18.14598364 17.13562921 17.05784941
 16.92802049 17.58318156 17.89504134 18.38210361 18.9377065  19.51295377
 18.99269801 18.22404654 18.21679528 18.51908401 18.5990601  18.22045166
 18.23535238 18.20065066 18.07616879 17.56548731 18.10703855 17.42116549
 17.60967561 18.45182256 19.44078543 19.24959202 17.49394033 17.17409155
 17.28252325]",19.5129537667063,"[12.04714181 11.70994002 11.61182538 11.45554954 12.57294698 13.50984443
 13.7509021  14.03531133 13.92995074 13.98283897 14.29167575 14.02873916
 13.87247092 13.51813329 13.33964696 12.99038639 12.36123591 13.80395378
 14.78442721 14.55210689 14.82237361 14.22335673 14.38761523 14.87205222
 16.53082057 17.1539887  17.06690072 16.79953656 15.85594996 16.73650418
 17.15290567 17.51428764 18.18623349 19.44359148 19.336954   19.51889033
 19.29999574 19.63280887 18.40303399 16.94963635 15.59969333 15.43805523
 15.60960359 16.55132616 16.88726997 17.58981526 18.15700995 17.65204556
 18.27392653 18.31902583 18.30310373 18.25354314 17.13562921 17.05784941
 16.92802049 17.58318156 17.89504134 18.38210361 18.9377065  19.51295377
 18.99269801 18.5220678  18.43479838 18.51908401 18.5990601  18.22045166
 18.23535238 18.20065066 18.07616879 17.763742   18.10703855 17.42116549
 17.68429426 18.45182256 19.44078543 19.62493364 17.49394033 17.17409155
 17.28252325]",19.632808869269184,70874777788.18399,90875144819.31462
3,11211965-12-0-57,"[0, 10, 11, 30, 54, 83, 100, 105, 105, 114, 120, 143]","[57, 56, 58, 55, 51, 41, 30, 26, 27, 15, 12, 0]","[100386.6875, 100241.6875, 100276.625, 100091.625, 100204.25, 99943.0, 99785.5, 99417.3125, 99417.3125, 99034.875, 98594.25, 98414.1875]","[4, 12, 12, 30, 57, 75, 96, 110, 110, 115, 120, 142]","[57, 54, 57, 55, 51, 45, 34, 25, 25, 18, 13, 2]",2,66,3664.192616243335,3547.8522946424346,55.51806994308083,53.75533779761265,72.91666666666667,35.666666666666664,73.58333333333333,36.333333333333336,"[  0   2   3   5   7   8  10  10  10  10  11  11  11  14  17  20  24  27
  30  34  38  42  46  50  54  59  64  68  73  78  83  86  89  92  94  97
 100 101 102 102 103 104 105 105 105 105 105 105 105 106 108 110 111 112
 114 115 116 117 118 119 120 124 128 132 135 139 143]","[57 57 57 56 56 56 56 56 57 57 57 58 58 58 57 56 56 56 55 54 54 53 52 52
 51 49 48 46 44 43 41 39 37 36 34 32 30 29 29 28 27 27 26 26 26 26 27 27
 27 25 23 21 19 17 15 14 14 14 13 12 12 10  8  6  4  2  0]","[1956 1957 1958 1959 1960 1961 1962 1963 1964 1965 1966 1967 1968 1969
 1970 1971 1972 1973 1974 1975 1976 1977 1978 1979 1980 1981 1982 1983
 1984 1985 1986 1987 1988 1989 1990 1991 1992 1993 1994 1995 1996 1997
 1998 1999 2000 2001 2002 2003 2004 2005 2006 2007 2008 2009 2010 2011
 2012 2013 2014 2015 2016 2017 2018 2019 2020 2021 2022]",37096855578.88408,"[100386.6875 100363.25   100368.625  100373.8125 100379.9375 100337.75
 100241.6875 100214.5    100177.5625 100197.8125 100216.3125 100247.625
 100276.625  100270.9375 100313.6875 100257.9375 100223.75   100170.6875
 100091.625  100108.5    100150.25   100136.1875 100175.5    100224.3125
 100204.25   100193.     100168.6875 100101.8125 100096.9375  99970.5
  99943.      99825.75    99812.5625  99779.5625  99876.625   99814.3125
  99785.5     99698.6875  99625.      99601.8125  99559.75    99491.5625
  99417.3125  99428.0625  99411.75    99373.8125  99256.      99237.9375
  99034.875   98967.625   98935.8125  98898.0625  98769.9375  98642.125
  98594.25    98515.25    98455.5625  98449.75    98521.875   98517.4375
  98414.1875  98337.6875  98336.75    98375.25    98430.      98441.6875
  98515.8125]",98336.75,"[ 4.77719315  5.0697918   5.47519011  6.05010887  6.68388213  7.60182534
  7.50206682  7.32740557  6.92687274  6.54069567  5.7377006   5.69694806
  6.21151023  7.90950992 11.3444098  12.01478057 12.98827406 13.33685037
 13.54980598 13.88359337 14.74277683 15.31887665 15.5551785  15.92405108
 15.38448166 14.74915048 14.87554956 15.88995462 16.79648617 18.12117821
 18.13097321 18.50077598 18.31284897 18.14898533 16.97944156 16.67967969
 16.18658631 15.58131035 16.06260002 16.9290831  16.78304688 16.39514663
 16.55561792 16.98095476 17.17466848 18.1345747  20.57118327 19.27105403
 18.42770932 18.35397051 17.73184682 17.94292653 18.26488539 18.1689415
 17.95096853 17.7410737  17.89505655 18.10670107 17.28524988 17.8150163
 17.93457748 17.14880166 16.57154464 15.966345   15.69740671 16.01521193
 16.16523087]",20.571183266685704,"[ 8.10134968  7.59400161  7.54144079  7.13134482  7.39770534  8.08608279
  8.60262734  9.13851894  9.27916766  9.86220898  9.83455087 10.37473255
 10.80597356 11.22630145 11.7759913  12.45905489 12.98827406 13.33685037
 13.54980598 13.88359337 14.74277683 15.31887665 15.5551785  15.92405108
 15.42680172 15.7450784  16.07612734 16.89632636 17.14631173 18.12117821
 18.13097321 18.50077598 18.31284897 18.14898533 17.02438385 17.57406201
 17.55887225 16.92538372 16.81346764 17.60898041 17.3414534  17.5453275
 17.71539911 18.60592431 18.96257524 18.84618672 20.57118327 19.75364291
 19.3462026  19.08321851 18.31611769 18.05366546 18.71433641 19.13402291
 19.78171071 20.1984177  18.52645775 18.10670107 17.28524988 17.8150163
 17.93457748 17.14880166 16.57154464 15.966345   15.69740671 16.01521193
 16.16523087]",20.571183266685704,"[ 8.47767051  8.72269505  8.33081777  8.62642013  8.51288934  8.95422974
  9.47956742 10.36556154 10.34962291  9.94148032  9.92775475 10.58441324
 10.96981984 11.22630145 11.7759913  13.13700982 12.98827406 13.33685037
 13.54980598 13.88359337 14.74277683 15.31887665 15.5551785  15.92405108
 15.42680172 15.7450784  16.07612734 16.89632636 17.14631173 18.12117821
 18.13097321 18.50077598 18.31284897 18.14898533 17.02438385 17.57406201
 17.55887225 16.92538372 16.81346764 17.60898041 17.3414534  17.5453275
 18.11048567 18.6527485  18.96257524 18.84618672 20.57118327 19.75364291
 19.3462026  19.08321851 18.31611769 18.18701678 18.71433641 19.13402291
 19.78171071 20.1984177  18.52645775 18.26173586 17.28524988 17.8150163
 17.93457748 17.14880166 16.57154464 15.966345   15.69740671 16.01521193
 16.16523087]",20.571183266685704,64360279407.85917,84402181707.53
4,12241965-12-0-41,"[0, 0, 0, 16, 33, 51, 64, 76, 93, 125, 127, 127, 129, 138, 160]","[41, 42, 43, 36, 32, 40, 33, 38, 35, 14, 11, 13, 14, 15, 0]","[100933.5625, 100441.375, 99812.4375, 99592.1875, 100054.125, 100063.125, 99994.5625, 99715.375, 99420.0, 98883.0625, 98632.25, 98666.375, 98535.4375, 98233.375, 98349.8125]","[2, 2, 2, 15, 30, 53, 70, 78, 103, 126, 128, 129, 131, 138, 157]","[39, 41, 43, 37, 34, 38, 33, 39, 29, 15, 11, 13, 14, 14, 5]",3,84,4064.8409463103926,3854.632896197872,48.39096364655229,45.88848685949847,75.93333333333334,27.133333333333333,77.6,27.0,"[  0   0   0   0   0   0   0   0   0   0   0   0   0   3   5   8  11  13
  16  19  22  24  27  30  33  36  39  42  45  48  51  53  55  58  60  62
  64  66  68  70  72  74  76  79  82  84  87  90  93  98 104 109 114 120
 125 125 126 126 126 127 127 127 127 127 127 127 127 127 128 128 128 129
 129 130 132 134 135 136 138 142 145 149 153 156 160]","[41 41 41 42 42 42 42 42 42 42 43 43 43 42 41 40 38 37 36 35 35 34 33 33
 32 33 35 36 37 39 40 39 38 36 35 34 33 34 35 36 36 37 38 38 37 36 36 36
 35 32 28 24 21 18 14 14 13 12 12 12 11 11 12 12 12 13 13 13 13 14 14 14
 14 14 14 14 15 15 15 12 10  8  5  2  0]","[2748 2749 2750 2751 2752 2753 2754 2755 2756 2757 2758 2759 2760 2761
 2762 2763 2764 2765 2766 2767 2768 2769 2770 2771 2772 2773 2774 2775
 2776 2777 2778 2779 2780 2781 2782 2783 2784 2785 2786 2787 2788 2789
 2790 2791 2792 2793 2794 2795 2796 2797 2798 2799 2800 2801 2802 2803
 2804 2805 2806 2807 2808 2809 2810 2811 2812 2813 2814 2815 2816 2817
 2818 2819 2820 2821 2822 2823 2824 2825 2826 2827 2828 2829 2830 2831
 2832]",59665977246.060745,"[100933.5625 100858.0625 100802.5625 100720.     100686.0625 100599.625
 100441.375  100272.3125 100155.25   100024.     100046.      99889.75
  99812.4375  99693.625   99619.125   99572.8125  99592.9375  99600.875
  99592.1875  99676.9375  99769.5625  99809.4375 100095.9375 100061.75
 100054.125  100151.1875 100260.625  100299.1875 100259.6875 100133.125
 100063.125   99981.8125  99954.6875  99983.375  100021.875   99937.5
  99994.5625  99975.875   99897.875   99856.5     99831.5     99758.375
  99715.375   99621.1875  99539.625   99423.4375  99519.875   99499.875
  99420.      99438.3125  99308.5625  99165.125   99085.625   98926.3125
  98883.0625  98751.1875  98684.75    98692.125   98702.75    98636.4375
  98632.25    98651.25    98681.875   98657.75    98634.5625  98624.1875
  98666.375   98648.125   98584.5625  98618.9375  98568.      98533.1875
  98535.4375  98560.5625  98466.5625  98391.25    98312.1875  98228.5625
  98233.375   98171.625   98145.875   98067.75    98255.5625  98364.9375
  98349.8125]",98067.75,"[ 8.88976885  9.39797335 10.89503127 11.10674767 11.93907855 12.79260753
 13.39419317 14.16051479 14.59456078 15.60837119 15.74119905 15.46810088
 15.91971527 16.92680084 16.97056207 17.09978928 17.30116526 17.68433795
 18.41195378 18.74324558 19.0408857  19.15583118 18.22114379 18.45055288
 18.76553402 18.80597233 19.14964296 18.99330271 18.2252749  18.05804148
 18.22281727 18.11618776 18.0385912  16.86648118 16.05347518 16.78034059
 16.89038897 16.08145183 15.89150437 17.52213943 17.09068609 17.06265982
 17.517191   17.57133849 17.30348461 17.39084964 16.75589154 17.77249989
 17.51620918 17.49002206 17.36299727 17.50944237 17.28830941 17.30224156
 17.22350797 17.5935304  18.3172249  18.65571129 18.59844686 19.15538878
 19.75338389 19.82751258 19.86982521 19.63181603 19.90661771 20.22622605
 20.43386152 20.56198619 20.67270868 20.63654207 21.47821475 21.28006504
 21.06310722 20.87746027 21.03083187 21.09895001 21.13780798 20.99255564
 21.11770573 21.67941383 21.87819996 21.83206935 21.39581566 22.04985927
 21.10311516]",22.0498592717817,"[11.38985133 11.43569084 11.80167223 12.41762242 12.45520688 12.96413994
 13.67172099 14.30334101 14.59456078 15.62322075 16.24850816 16.33936499
 15.91971527 17.29524199 16.97056207 17.09978928 17.30116526 17.68433795
 18.41195378 18.74324558 19.0408857  19.15583118 18.22114379 18.45055288
 18.76553402 18.80597233 19.14964296 18.99330271 18.2252749  18.05804148
 18.22281727 18.11618776 18.0385912  17.91854267 16.29367845 16.79919352
 16.89038897 16.08145183 16.88630001 17.82197206 17.53509593 17.77818071
 17.517191   17.57133849 17.30348461 17.39084964 16.75589154 17.77249989
 17.51620918 17.49002206 17.36299727 17.74565475 17.83172453 17.9412354
 17.86534777 18.23990937 18.3172249  18.65571129 18.59844686 19.15538878
 19.75338389 19.82751258 19.86982521 19.63181603 19.90661771 20.22622605
 20.43386152 20.56198619 20.67270868 20.63654207 21.47821475 21.28006504
 21.06310722 20.87746027 21.03083187 21.09895001 21.13780798 20.99255564
 21.11770573 21.67941383 21.87819996 21.83206935 21.39581566 22.04985927
 21.31532749]",22.0498592717817,"[13.53587413 13.17708555 13.00687164 13.25906965 12.60923657 12.96413994
 13.67172099 14.30334101 14.59456078 15.62322075 16.24850816 16.33936499
 15.91971527 17.29524199 16.97056207 17.09978928 17.30116526 17.68433795
 18.41195378 18.74324558 19.0408857  19.15583118 18.22114379 18.45055288
 18.76553402 18.80597233 19.14964296 18.99330271 18.2252749  18.05804148
 18.22281727 18.11618776 18.0385912  17.91854267 16.29367845 16.79919352
 16.89038897 16.08145183 16.88630001 17.82197206 17.53509593 17.77818071
 17.517191   17.57133849 17.30348461 17.39084964 16.75589154 17.77249989
 17.51620918 17.49002206 17.36299727 17.74565475 17.83172453 17.9412354
 17.86534777 18.23990937 18.3172249  18.65571129 18.59844686 19.15538878
 19.75338389 19.82751258 19.86982521 19.63181603 19.90661771 20.22622605
 20.43386152 20.56198619 20.67270868 20.63654207 21.47821475 21.28006504
 21.06310722 20.87746027 21.03083187 21.09895001 21.13780798 20.99255564
 21.11770573 21.67941383 21.87819996 21.83206935 21.39581566 22.04985927
 21.31532749]",22.0498592717817,88010900443.86195,108591278214.47363
5,01061966-06-56-55,"[56, 65, 76, 99, 117, 129, 153, 177, 200, 200, 200, 200]","[55, 47, 42, 35, 30, 28, 25, 20, 18, 13, 2, 0]","[100858.125, 100250.5625, 99675.75, 99157.625, 98610.5, 98320.0625, 98264.875, 98298.1875, 98326.75, 99464.625, 100016.5, 100289.5625]","[52, 65, 76, 99, 116, 132, 156, 177, 199, 199, 198, 196]","[56, 48, 43, 36, 31, 28, 25, 21, 18, 11, 5, 2]",3,66,3689.6664328573993,3701.3410151656494,55.90403686147575,56.08092447220681,139.33333333333334,26.25,138.75,27.0,"[ 56  58  59  60  62  64  65  67  69  70  72  74  76  80  84  88  91  95
  99 102 105 108 111 114 117 119 121 123 125 127 129 133 137 141 145 149
 153 157 161 165 169 173 177 181 185 188 192 196 200 200 200 200 200 200
 200 200 200 200 200 200 200 200 200 200 200 200 200]","[55 54 52 51 50 48 47 46 45 44 44 43 42 41 40 38 37 36 35 34 33 32 32 31
 30 30 29 29 29 28 28 28 27 26 26 26 25 24 23 22 22 21 20 20 19 19 19 18
 18 17 16 16 15 14 13 11  9  8  6  4  2  2  1  1  1  0  0]","[3054 3055 3056 3057 3058 3059 3060 3061 3062 3063 3064 3065 3066 3067
 3068 3069 3070 3071 3072 3073 3074 3075 3076 3077 3078 3079 3080 3081
 3082 3083 3084 3085 3086 3087 3088 3089 3090 3091 3092 3093 3094 3095
 3096 3097 3098 3099 3100 3101 3102 3103 3104 3105 3106 3107 3108 3109
 3110 3111 3112 3113 3114 3115 3116 3117 3118 3119 3120]",58773325774.33804,"[100858.125  100775.625  100660.5    100563.25   100395.9375 100339.25
 100250.5625 100231.625  100116.625  100086.9375  99936.375   99828.875
  99675.75    99548.1875  99460.3125  99350.625   99239.3125  99213.0625
  99157.625   99097.375   99016.75    98896.8125  98852.8125  98701.375
  98610.5     98535.75    98437.9375  98384.5625  98327.      98303.8125
  98320.0625  98315.25    98415.9375  98442.6875  98362.6875  98372.75
  98264.875   98380.625   98324.5625  98246.75    98189.8125  98260.
  98298.1875  98368.625   98369.1875  98295.9375  98272.125   98250.4375
  98380.      98594.8125  98850.5625  99137.125   99153.6875  99366.25
  99512.125   99658.875   99797.375   99838.125   99868.      99917.25
 100054.5    100142.9375 100189.0625 100297.1875 100261.625  100266.5625
 100304.8125]",98189.8125,"[15.87039177 15.98375029 16.03751496 15.97009127 15.21098485 16.27983536
 17.49841936 17.74162066 18.58249817 19.61473034 18.78493897 20.08759538
 20.63806385 20.30149698 20.89267527 21.31809044 22.7314695  21.92716588
 21.58797694 22.10098377 22.50343932 22.65557987 22.17978722 22.33645375
 22.23273058 22.42296374 21.68263647 22.74137001 23.07214995 22.36175614
 22.75545715 23.44617852 24.41974681 24.1983402  24.5139335  24.18578966
 24.05023784 23.97590159 24.98089739 25.35881048 24.49277105 23.9251345
 24.18490647 23.06354268 21.54152531 22.64161248 22.7317427  21.18669711
 19.51318903 18.34854956 15.69044139 14.80181211 16.25829847 15.02497034
 13.117221   11.66977037 11.33406299 12.0495815  12.40896474 12.82788896
 13.07577817 13.44606349 13.75564625 13.92989677 12.71863264 13.3365951
 13.78845392]",25.35881048092629,"[15.87039177 15.98375029 16.03751496 15.97009127 15.21098485 16.27983536
 17.49841936 17.74162066 18.58249817 19.61473034 18.78493897 20.08759538
 20.63806385 20.30149698 20.89267527 21.31809044 22.7314695  21.92716588
 21.58797694 22.10098377 22.50343932 22.65557987 22.17978722 22.33645375
 22.23273058 22.42296374 21.68263647 22.74137001 23.07214995 22.36175614
 23.23612805 23.44617852 25.00151011 24.4248731  24.5139335  24.18578966
 24.05023784 23.97590159 24.98089739 25.35881048 24.49277105 23.9251345
 24.18490647 23.21446716 23.38820719 23.16091137 22.7317427  21.18669711
 21.41737819 20.51597051 18.50986034 19.22601423 18.84575362 16.0398032
 15.19192344 14.36109031 12.45666575 12.38181004 12.40896474 12.82788896
 13.07577817 13.44606349 13.75564625 13.92989677 12.71863264 13.3365951
 13.78845392]",25.35881048092629,"[15.87039177 15.98375029 16.03751496 15.97009127 15.21098485 16.27983536
 17.49841936 17.74162066 18.58249817 19.61473034 18.78493897 20.08759538
 20.63806385 20.30149698 20.89267527 21.31809044 22.7314695  21.92716588
 21.58797694 22.10098377 22.50343932 22.65557987 22.17978722 22.33645375
 22.23273058 22.42296374 21.68263647 22.74137001 23.07214995 22.56159479
 23.23612805 23.44617852 25.00151011 24.4248731  24.5139335  24.18578966
 24.05023784 23.97590159 24.98089739 25.35881048 24.49277105 23.9251345
 24.18490647 23.21446716 23.38820719 23.16091137 22.7317427  21.57582481
 21.89205963 20.66649162 21.07976606 21.48848975 18.85632619 19.18023342
 18.98382711 14.36109031 13.35264015 12.9089634  12.46753467 12.82788896
 13.07577817 13.44606349 13.75564625 13.92989677 12.71863264 13.3365951
 13.78845392]",25.35881048092629,93883355088.61673,117175051937.65031
6,01081966-00-56-27,"[56, 61, 71, 81, 87, 112, 122, 124, 141]","[27, 29, 40, 38, 32, 36, 24, 29, 32]","[100851.9375, 100667.5, 100491.125, 99884.375, 99212.3125, 98167.5, 97344.4375, 97233.6875, 97232.75]","[54, 61, 73, 84, 88, 113, 123, 126, 140]","[37, 38, 42, 41, 31, 35, 24, 27, 31]",3,48,2341.1990485176298,2264.0370980785137,48.77498017745062,47.16743954330237,95.0,31.88888888888889,95.77777777777776,34.0,"[ 56  57  58  58  59  60  61  63  64  66  68  69  71  73  74  76  78  79
  81  82  83  84  85  86  87  91  95 100 104 108 112 114 115 117 119 120
 122 122 123 123 123 124 124 127 130 132 135 138 141]","[27 27 28 28 28 29 29 31 33 34 36 38 40 40 39 39 39 38 38 37 36 35 34 33
 32 33 33 34 35 35 36 34 32 30 28 26 24 25 26 26 27 28 29 30 30 30 31 32
 32]","[3096 3097 3098 3099 3100 3101 3102 3103 3104 3105 3106 3107 3108 3109
 3110 3111 3112 3113 3114 3115 3116 3117 3118 3119 3120 3121 3122 3123
 3124 3125 3126 3127 3128 3129 3130 3131 3132 3133 3134 3135 3136 3137
 3138 3139 3140 3141 3142 3143 3144]",33413335217.916103,"[100851.9375 100803.625  100789.1875 100746.9375 100701.875  100684.1875
 100667.5    100675.8125 100651.8125 100593.125  100571.1875 100538.
 100491.125  100411.875  100374.625  100294.5    100253.625  100066.875
  99884.375   99831.9375  99712.0625  99635.8125  99474.875   99308.5625
  99212.3125  99120.5625  98899.75    98704.8125  98570.25    98393.625
  98167.5     97907.25    97611.9375  97277.8125  97630.      97473.25
  97344.4375  97371.75    97253.      97303.8125  97225.1875  97189.5
  97233.6875  97297.25    97416.375   97408.75    97082.5     97180.375
  97232.75  ]",97082.5,"[13.11270896 12.39140255 12.11010063 12.23099238 11.5873442  10.96510825
  9.96446347  9.26921573  9.00326228 10.53287504 10.96373222 12.2412551
 13.73681478 14.46604448 13.81678591 14.45470776 14.78159181 15.80313005
 16.03148272 16.40718445 16.86957036 17.35856347 17.88784447 18.78210032
 18.98738888 19.96413517 22.36792152 22.46930943 23.68342629 23.11437599
 23.47370751 24.8383831  26.7850186  26.43796508 23.5699247  24.84546559
 22.66358985 23.02254079 24.30551587 25.46631986 25.60736515 26.13430139
 27.50877135 28.33509709 28.62770049 28.17180791 27.41595657 25.79745419
 25.93559514]",28.62770048741765,"[13.11270896 12.39140255 12.11010063 12.23099238 12.12886434 11.71011388
 12.01132233 12.34710774 12.66379134 12.53436719 13.35598201 13.2960812
 13.73681478 14.46604448 13.84987135 14.6893932  15.04548697 15.80313005
 16.29345854 16.62189465 17.1150786  18.19368062 19.89991889 20.14644279
 19.90712596 20.0810756  22.36792152 22.46930943 23.68342629 23.11437599
 23.47370751 24.8383831  26.7850186  26.43796508 23.83965431 24.84546559
 24.11056198 24.15790714 24.31825723 25.46631986 25.60736515 26.13430139
 27.50877135 28.33509709 28.62770049 28.17180791 27.41595657 25.79745419
 25.93559514]",28.62770048741765,"[14.26897569 14.68357298 14.63357678 14.30776812 14.10398957 13.96641106
 13.11114365 12.34710774 12.66379134 12.53436719 13.35598201 13.42791461
 13.73681478 14.46604448 13.84987135 14.6893932  15.04548697 15.80313005
 16.29345854 16.62189465 17.1150786  18.19368062 19.89991889 20.14644279
 19.90712596 20.0810756  22.36792152 22.46930943 23.68342629 23.11437599
 23.47370751 24.8383831  26.7850186  26.43796508 23.83965431 24.84546559
 24.11056198 24.15790714 24.31825723 25.46631986 25.60736515 26.13430139
 27.50877135 28.33509709 28.62770049 28.17180791 27.41595657 25.79745419
 25.93559514]",28.62770048741765,57465004621.04577,73803673031.28374
7,01141966-18-0-94,"[0, 2, 11, 20, 27, 52, 62, 79, 110, 134, 153, 159, 156, 144, 140, 144, 146, 150, 159, 169]","[94, 89, 83, 74, 71, 65, 61, 56, 47, 37, 24, 14, 7, 7, 15, 16, 19, 21, 22, 22]","[100620.3125, 100239.1875, 99868.5, 99694.0625, 99959.1875, 100105.9375, 99800.1875, 99371.6875, 98275.75, 97381.0625, 95923.8125, 95263.0, 95367.25, 95762.75, 96098.4375, 95893.375, 96177.6875, 96491.9375, 96881.0625, 97441.125]","[4, 6, 11, 20, 29, 49, 65, 84, 110, 134, 153, 159, 156, 144, 141, 144, 146, 151, 159, 169]","[95, 88, 83, 74, 72, 68, 61, 56, 47, 37, 24, 14, 7, 7, 15, 16, 19, 21, 22, 21]",3,114,5667.5036700564815,5617.81328442688,49.71494447417966,49.27906389848141,100.85,42.2,101.7,42.35,"[  0   0   1   1   1   2   2   4   5   6   8  10  11  12  14  16  17  18
  20  21  22  24  25  26  27  31  35  40  44  48  52  54  55  57  59  60
  62  65  68  70  73  76  79  84  89  94 100 105 110 114 118 122 126 130
 134 137 140 144 147 150 153 154 155 156 157 158 159 158 158 158 157 156
 156 154 152 150 148 146 144 143 143 142 141 141 140 141 141 142 143 143
 144 144 145 145 145 146 146 147 147 148 149 149 150 152 153 154 156 158
 159 161 162 164 166 167 169]","[94 93 92 92 91 90 89 88 87 86 85 84 83 82 80 78 77 76 74 74 73 72 72 72
 71 70 69 68 67 66 65 64 64 63 62 62 61 60 59 58 58 57 56 54 53 52 50 48
 47 45 44 42 40 39 37 35 33 30 28 26 24 22 21 19 17 16 14 13 12 10  9  8
  7  7  7  7  7  7  7  8 10 11 12 14 15 15 15 16 16 16 16 16 17 18 18 18
 19 19 20 20 20 21 21 21 21 22 22 22 22 22 22 22 22 22 22]","[3258 3259 3260 3261 3262 3263 3264 3265 3266 3267 3268 3269 3270 3271
 3272 3273 3274 3275 3276 3277 3278 3279 3280 3281 3282 3283 3284 3285
 3286 3287 3288 3289 3290 3291 3292 3293 3294 3295 3296 3297 3298 3299
 3300 3301 3302 3303 3304 3305 3306 3307 3308 3309 3310 3311 3312 3313
 3314 3315 3316 3317 3318 3319 3320 3321 3322 3323 3324 3325 3326 3327
 3328 3329 3330 3331 3332 3333 3334 3335 3336 3337 3338 3339 3340 3341
 3342 3343 3344 3345 3346 3347 3348 3349 3350 3351 3352 3353 3354 3355
 3356 3357 3358 3359 3360 3361 3362 3363 3364 3365 3366 3367 3368 3369
 3370 3371 3372]",84923631469.12802,"[100620.3125 100516.625  100411.4375 100294.875  100270.     100321.125
 100239.1875 100310.875  100184.0625 100154.6875 100043.4375  99950.125
  99868.5     99803.25    99744.875   99689.4375  99658.5     99612.625
  99694.0625  99816.8125  99785.      99922.5625  99979.8125  99968.375
  99959.1875  99956.0625  99960.125   99939.0625 100007.125  100068.3125
 100105.9375 100058.125  100050.8125  99979.125   99979.375   99857.625
  99800.1875  99714.625   99594.9375  99489.9375  99409.5625  99457.0625
  99371.6875  99271.875   99164.875   98897.875   98682.375   98498.0625
  98275.75    98083.      97934.125   97838.375   97682.5625  97585.125
  97381.0625  97228.9375  96993.375   96640.1875  96356.3125  96122.1875
  95923.8125  95791.125   95670.0625  95491.25    95422.0625  95366.9375
  95263.      95319.1875  95313.125   95331.875   95311.      95333.75
  95367.25    95418.625   95436.75    95441.3125  95668.1875  95673.375
  95762.75    95846.      95843.0625  95944.5     95959.9375  96041.875
  96098.4375  96134.875   96178.5     96158.375   95854.5     95809.25
  95893.375   95967.5625  95985.8125  95999.9375  96053.1875  96078.4375
  96177.6875  96275.8125  96355.75    96412.875   96382.8125  96399.3125
  96491.9375  96610.875   96624.4375  96703.6875  96750.75    96815.4375
  96881.0625  96969.5625  97006.8125  97085.5625  97281.5     97367.
  97441.125 ]",95263.0,"[10.54423969 10.56370046 11.03808018 12.08433425 11.89836447 13.99262851
 13.95836245 12.92118163 13.25096206 13.6087988  14.09261534 14.86373613
 14.88486336 14.80414649 14.92523701 14.69268391 14.85262265 14.45614509
 14.43817397 14.04279559 13.82354835 14.37274337 14.71964587 14.48125601
 14.58829458 14.52676804 15.13388145 15.21509756 13.91066155 14.02030523
 14.60619694 14.70572247 14.99475951 15.76588745 15.78310845 16.80358245
 17.00194812 17.218241   16.91134285 17.45653316 18.89564169 19.51768872
 20.86276693 21.72174702 22.40403557 23.83464118 22.95570325 25.42472448
 23.74771051 23.22169501 22.59809784 22.64153026 22.37567053 22.37173089
 23.30718525 22.84394038 23.41955528 22.47728688 22.23644792 21.4325721
 21.24373544 20.730414   20.5535709  20.94812244 20.84176797 22.6565525
 21.99083545 21.46662237 21.30684593 21.33626282 21.55328045 21.88114775
 21.78964986 21.94927166 21.81290458 22.27811955 20.3559017  20.48579403
 19.80247006 19.12619795 20.23564479 19.79856361 19.89317886 20.32715516
 20.54659415 21.35738601 21.51481034 21.40729194 23.19455353 22.23946736
 22.428678   21.92258727 21.50108229 21.25022947 21.33830558 21.25340821
 20.92063196 20.76582729 20.55774865 20.38970266 20.25735924 20.34174749
 20.21215126 20.30488725 20.24366394 20.26750294 19.77078942 19.67142138
 19.47895147 18.68665596 18.12305036 17.73979576 17.54096141 17.71745947
 17.26605575]",25.42472447748885,"[10.54423969 10.56370046 11.03808018 12.08433425 11.89836447 13.99262851
 13.95836245 12.92118163 13.25096206 13.6087988  14.09261534 14.86373613
 14.88486336 14.80414649 14.92523701 14.69268391 14.85262265 14.45614509
 14.83825524 14.99769843 14.72633556 14.51918052 14.99263995 15.37381619
 15.53033832 15.32789824 15.13388145 15.21509756 13.91066155 14.02030523
 14.60619694 14.70572247 14.99475951 15.76588745 15.78310845 16.80358245
 17.00194812 17.218241   16.91134285 17.45653316 18.89564169 19.51768872
 20.86276693 21.72174702 22.40403557 23.83464118 22.95570325 25.42472448
 23.74771051 23.22169501 22.59809784 22.64153026 22.37567053 22.37173089
 23.30718525 22.84394038 23.41955528 22.47728688 22.23644792 21.4325721
 21.24373544 20.92975038 20.5535709  20.94812244 20.84176797 22.6565525
 21.99083545 21.46662237 21.30684593 21.33626282 21.55328045 21.88114775
 21.78964986 21.94927166 21.81290458 22.27811955 20.3559017  20.48579403
 19.80247006 19.12619795 20.23564479 19.94212694 19.89317886 20.32715516
 20.54659415 21.35738601 21.51481034 21.40729194 23.19455353 22.23946736
 22.428678   21.92258727 21.50108229 21.25022947 21.33830558 21.25340821
 20.92063196 20.76582729 20.55774865 20.38970266 20.31009476 20.34174749
 20.22508106 20.30488725 20.76524352 20.60392172 20.51096698 20.55579056
 20.81219518 20.85940486 20.65035553 20.2001154  20.5596862  19.78081181
 19.79042785]",25.42472447748885,"[10.54423969 10.56370046 11.03808018 12.08433425 11.89836447 13.99262851
 13.95836245 12.92118163 13.25096206 13.6087988  14.09261534 14.86373613
 14.88486336 14.80414649 14.92523701 14.69268391 14.85262265 14.45614509
 14.83825524 14.99769843 14.72633556 14.51918052 14.99263995 15.37381619
 15.53033832 15.32789824 15.13388145 15.21509756 13.91066155 14.02030523
 14.60619694 14.70572247 14.99475951 15.76588745 15.78310845 16.80358245
 17.00194812 17.218241   16.91134285 17.45653316 18.89564169 19.51768872
 20.86276693 21.72174702 22.40403557 23.83464118 22.95570325 25.42472448
 23.74771051 23.22169501 22.59809784 22.64153026 22.37567053 22.37173089
 23.30718525 22.84394038 23.41955528 22.47728688 22.23644792 21.4325721
 21.24373544 20.92975038 20.5535709  20.94812244 20.84176797 22.6565525
 21.99083545 21.46662237 21.30684593 21.33626282 21.55328045 21.88114775
 21.78964986 21.94927166 21.81290458 22.27811955 20.3559017  20.48579403
 19.80247006 19.12619795 20.23564479 19.94212694 20.6726653  21.37282626
 21.14342123 21.35738601 21.51481034 21.40729194 23.19455353 22.23946736
 22.428678   21.92258727 21.50108229 21.25022947 21.33830558 21.25340821
 20.92063196 20.76582729 20.55774865 20.38970266 20.31009476 20.34174749
 20.22508106 20.30488725 20.76524352 20.60392172 20.51096698 20.55579056
 20.81219518 20.85940486 20.65035553 20.2001154  20.5596862  19.78081181
 19.79042785]",25.42472447748885,115764597840.93893,141390333911.89484
8,01211966-18-0-118,"[0, 0, 1, 14, 43, 52, 54, 58, 62, 69, 82, 114, 140, 146, 148, 168, 158, 187, 188, 189, 189, 198, 195, 200, 192, 198, 200, 200]","[118, 117, 87, 85, 71, 63, 53, 45, 40, 40, 40, 37, 39, 36, 35, 24, 26, 28, 28, 28, 34, 25, 24, 20, 21, 33, 35, 33]","[100988.5, 100729.125, 100336.8125, 100442.1875, 100232.3125, 99755.125, 99321.5, 98787.1875, 98563.625, 98724.4375, 98630.625, 98555.0625, 98203.25, 98128.6875, 97949.375, 97764.625, 97736.4375, 98222.5, 98222.5, 98222.5, 97956.3125, 98014.875, 97780.375, 98032.6875, 98008.1875, 98430.375, 98717.8125, 99324.375]","[4, 5, 4, 17, 42, 50, 56, 59, 63, 71, 81, 115, 140, 146, 149, 168, 160, 180, 180, 180, 187, 188, 192, 195, 194, 192, 194, 196]","[109, 106, 87, 84, 70, 62, 54, 45, 40, 38, 37, 37, 39, 37, 36, 25, 33, 33, 33, 33, 33, 27, 24, 26, 24, 31, 34, 35]",5,162,7514.440088738767,6573.139293013921,46.3854326465356,40.57493390749334,123.03571428571428,45.17857142857143,121.71428571428572,45.42857142857143,"[  0   0   0   0   0   0   0   0   0   0   1   1   1   3   5   8  10  12
  14  19  24  28  33  38  43  44  46  48  49  50  52  52  53  53  53  54
  54  55  55  56  57  57  58  59  59  60  61  61  62  63  64  66  67  68
  69  71  73  76  78  80  82  87  93  98 103 109 114 118 123 127 131 136
 140 141 142 143 144 145 146 146 147 147 147 148 148 151 155 158 161 165
 168 166 165 163 161 160 158 163 168 172 177 182 187 187 187 188 188 188
 188 188 188 188 189 189 189 189 189 189 189 189 189 190 192 194 195 196
 198 198 197 196 196 196 195 196 197 198 198 199 200 199 197 196 195 193
 192 193 194 195 196 197 198 198 199 199 199 200 200 200 200 200 200 200
 200]","[118 118 118 118 117 117 117 112 107 102  97  92  87  87  86  86  86  85
  85  83  80  78  76  73  71  70  68  67  66  64  63  61  60  58  56  55
  53  52  50  49  48  46  45  44  43  42  42  41  40  40  40  40  40  40
  40  40  40  40  40  40  40  40  39  38  38  38  37  37  38  38  38  39
  39  38  38  38  37  36  36  36  36  36  35  35  35  33  31  30  28  26
  24  24  25  25  25  26  26  26  27  27  27  28  28  28  28  28  28  28
  28  28  28  28  28  28  28  29  30  31  32  33  34  32  31  30  28  26
  25  25  25  24  24  24  24  23  23  22  21  21  20  20  20  20  21  21
  21  23  25  27  29  31  33  33  34  34  34  35  35  35  34  34  34  33
  33]","[3426 3427 3428 3429 3430 3431 3432 3433 3434 3435 3436 3437 3438 3439
 3440 3441 3442 3443 3444 3445 3446 3447 3448 3449 3450 3451 3452 3453
 3454 3455 3456 3457 3458 3459 3460 3461 3462 3463 3464 3465 3466 3467
 3468 3469 3470 3471 3472 3473 3474 3475 3476 3477 3478 3479 3480 3481
 3482 3483 3484 3485 3486 3487 3488 3489 3490 3491 3492 3493 3494 3495
 3496 3497 3498 3499 3500 3501 3502 3503 3504 3505 3506 3507 3508 3509
 3510 3511 3512 3513 3514 3515 3516 3517 3518 3519 3520 3521 3522 3523
 3524 3525 3526 3527 3528 3529 3530 3531 3532 3533 3534 3535 3536 3537
 3538 3539 3540 3541 3542 3543 3544 3545 3546 3547 3548 3549 3550 3551
 3552 3553 3554 3555 3556 3557 3558 3559 3560 3561 3562 3563 3564 3565
 3566 3567 3568 3569 3570 3571 3572 3573 3574 3575 3576 3577 3578 3579
 3580 3581 3582 3583 3584 3585 3586 3587 3588]",82264811297.84303,"[100988.5    100886.5    100803.3125 100725.4375 100739.1875 100718.75
 100729.125  100770.5    100704.875  100673.9375 100535.375  100444.
 100336.8125 100273.25   100191.5    100118.25   100307.25   100388.5
 100442.1875 100511.875  100515.125  100631.375  100485.0625 100402.3125
 100232.3125 100041.125   99892.875   99801.      99677.4375  99668.5
  99755.125   99656.      99571.1875  99606.875   99574.75    99437.125
  99321.5     99242.8125  99204.375   99084.125   99010.5625  98939.9375
  98787.1875  98764.75    98647.5625  98726.5     98668.9375  98626.4375
  98563.625   98487.5     98431.375   98485.0625  98582.1875  98642.9375
  98724.4375  98703.75    98704.9375  98702.375   98613.375   98631.5625
  98630.625   98695.4375  98609.125   98585.25    98433.      98571.5625
  98555.0625  98491.125   98479.      98432.25    98342.75    98184.375
  98203.25    98132.9375  98027.875   98010.3125  98181.3125  98147.4375
  98128.6875  98138.9375  98029.75    98005.375   97929.125   97893.25
  97949.375   97871.5625  97916.      97890.75    97654.9375  97718.0625
  97764.625   97777.875   97753.5625  97739.6875  97684.875   97710.5
  97736.4375  97818.      97941.1875  97927.875   98209.375   98282.4375
  98222.5     98214.125   98133.1875  98055.5     98011.9375  97958.0625
  97956.3125  97899.8125  97917.625   97885.6875  97861.8125  97983.5
  98014.875   97944.3125  97984.875   97902.1875  97818.1875  97811.625
  97780.375   97819.25    97824.8125  97861.5625  98096.75    98115.
  98053.1875  98009.875   97986.625   97981.75    97998.875   98032.9375
  98008.1875  98015.6875  98100.75    98130.3125  98323.5625  98441.75
  98430.375   98554.      98586.75    98654.9375  98638.      98674.125
  98724.0625  98904.25    98972.9375  99094.4375  99213.5     99303.0625
  99346.125   99416.5625  99469.8125  99474.9375  99552.8125  99633.0625
  99635.3125  99568.75    99438.75    99380.0625  99216.25    99151.625
  98945.125 ]",97654.9375,"[ 7.86995915  7.95159947  8.56078957  9.71315669  7.99713315  8.41953835
  8.59492922  8.51798076 10.88850452 13.95018517 13.32832242 14.68678729
 18.7856399  20.54661356 19.95620047 21.41018893 15.26587743 14.09738402
 13.28123454 13.10133449 17.42859721 18.47354847 19.1728368  18.13234778
 18.64025617 19.39185277 20.17180898 20.06221747 20.47283205 21.03600097
 20.3101782  19.89929877 21.35123606 22.41129787 21.81352986 20.59835993
 20.34919281 19.87911016 19.73574117 19.39274253 18.60203906 19.20232585
 19.41053103 19.85681518 19.28087981 19.07054397 18.8185612  18.6608716
 18.24642367 18.38715273 19.1635479  19.41819599 18.8782302  19.86350639
 20.35457066 19.90456953 20.8635399  21.38066294 20.99738434 21.02471619
 21.16682307 20.78795179 21.01422599 20.86710081 22.71159342 21.90499521
 21.23553356 21.22687241 21.18967007 21.74001243 22.85947605 23.20053879
 21.58165788 19.83549077 19.19821899 19.55826735 19.8176912  21.04139645
 20.89642497 20.58624947 20.12908647 18.63721584 18.55857699 18.35953819
 18.64314409 19.00347204 18.50601111 18.67870992 20.23258988 19.80654686
 20.28114224 20.72193397 20.54026582 20.41686944 21.02808369 20.92881951
 20.61370937 21.0334865  20.99007508 20.87956969 18.5707177  18.26097062
 18.69830693 18.01023045 18.38920296 17.97164735 18.17250977 18.31540587
 18.88835656 19.96379565 20.24793258 19.50756545 18.88692968 19.75828224
 20.02888516 19.34312885 19.12134543 18.78763739 18.88697657 18.84395739
 18.50281533 18.98513719 19.18567608 19.50041044 18.6871696  20.58968705
 19.75672667 20.34101565 20.58064658 20.50238727 20.73525441 20.65001124
 20.829897   20.72127808 21.33942824 21.96901597 19.21998848 19.25657426
 19.19956493 19.42054214 19.26308139 18.79756266 18.04224731 17.04703393
 16.49416453 15.75004709 15.67532681 15.51164857 14.68584778 14.04406008
 14.04537628 13.93271928 13.76864198 13.55046438 13.23125441 13.0503983
 12.76147004 12.44257041 12.68052893 13.15693804 12.98139595 15.4343819
 16.98040517]",23.20053879017677,"[ 9.09720636  8.98015409  8.6117349   9.71315669  8.74696353  9.33538836
  9.96099848 13.36217993 13.8119545  13.95018517 13.32832242 14.68678729
 18.7856399  20.54661356 19.95620047 21.41018893 15.26587743 15.16191935
 16.7749329  17.6319707  18.33422031 18.47354847 19.1728368  18.13234778
 18.64025617 19.39185277 20.17180898 20.06221747 20.47283205 21.03600097
 20.3101782  19.89929877 21.35123606 22.41129787 21.81352986 20.59835993
 20.34919281 19.87911016 19.73574117 19.39274253 18.60203906 19.20232585
 19.41053103 19.85681518 19.28087981 19.07054397 18.8185612  18.6608716
 18.24642367 18.38715273 19.1635479  19.41819599 19.31067238 20.04455601
 20.64964398 20.30533748 20.8635399  21.38066294 20.99738434 21.02471619
 21.16682307 20.78795179 21.01422599 20.93826239 22.71159342 21.90499521
 21.26751818 21.91587844 22.10442492 21.74001243 22.85947605 23.20053879
 22.8436719  22.04485213 21.99261172 21.95103113 19.8176912  21.04139645
 20.89642497 20.58624947 20.12908647 20.60382418 21.38468577 22.58260737
 23.448818   23.8435286  19.09294713 18.67870992 21.05971942 19.80654686
 20.28114224 20.72193397 20.54026582 20.41686944 21.02808369 20.92881951
 20.61370937 21.0334865  20.99007508 20.95848469 19.96682755 20.24652762
 18.69830693 18.23583553 18.38920296 17.97164735 18.17250977 18.31540587
 18.99534885 19.96379565 20.25031215 21.39277098 23.2046149  22.11667718
 21.08324152 21.30366375 21.21786334 20.96958591 20.58025711 21.16435568
 21.78618057 21.89430494 22.04959816 21.57495027 20.65144078 20.58968705
 20.18701835 20.41295245 20.58064658 20.50238727 20.73525441 20.65001124
 20.829897   20.72127808 21.33942824 21.96901597 20.08992212 19.25657426
 19.19956493 19.42054214 19.26308139 18.79756266 18.04224731 17.04703393
 16.49416453 15.75004709 15.67532681 15.59001571 15.67327009 15.43705456
 15.17016269 14.78512976 14.63374939 14.49504811 13.81854037 13.27501641
 14.28199798 16.67700267 17.72887393 18.66800344 19.83455826 19.91616772
 18.75429376]",23.84352860209881,"[11.28439799 11.82094767 12.32872599 12.34970039 10.64451592 11.17937312
 12.35734936 13.36217993 13.8119545  13.95018517 13.32832242 14.68678729
 18.7856399  20.54661356 19.95620047 21.41018893 15.26587743 16.47643476
 16.7749329  17.6319707  18.33422031 18.47354847 19.1728368  18.13234778
 18.64025617 19.39185277 20.17180898 20.06221747 20.47283205 21.03600097
 20.3101782  19.89929877 21.35123606 22.41129787 21.81352986 20.59835993
 20.34919281 19.87911016 19.73574117 19.39274253 18.60203906 19.20232585
 19.41053103 19.85681518 19.28087981 19.07054397 18.8185612  18.6608716
 18.24642367 18.56674107 19.1635479  19.41819599 19.31067238 20.04455601
 20.64964398 20.30533748 20.8635399  21.38066294 20.99738434 21.02471619
 21.16682307 20.78795179 21.01422599 20.93826239 22.71159342 21.90499521
 21.26751818 21.91587844 22.10442492 21.74001243 22.85947605 23.20053879
 22.8436719  22.04485213 22.23437924 23.24642839 21.43589525 21.75771689
 21.17762757 20.70475066 21.41194019 21.98769267 22.42564761 22.75976738
 23.448818   23.8435286  24.03892929 23.48773064 22.84142082 20.82792615
 20.28114224 20.72193397 20.54026582 20.41686944 21.02808369 20.92881951
 20.61370937 21.0334865  20.99007508 20.95848469 19.96682755 21.26102528
 22.02771214 21.98094426 21.30013506 21.13524883 21.20003716 21.21170549
 21.79938446 21.79979827 21.61814042 21.5598645  23.2046149  22.50197374
 22.03276354 21.74047608 22.33784181 22.36752121 21.95662016 21.67453473
 22.09727155 21.89430494 22.04959816 21.57495027 20.65144078 20.58968705
 20.18701835 20.41295245 20.58064658 20.50238727 20.73525441 20.65001124
 20.829897   20.72127808 21.33942824 21.96901597 21.12250929 20.28675712
 19.35202685 19.42054214 19.26308139 18.79756266 18.33612755 18.34233675
 17.68893754 17.29735802 16.99891347 16.68312978 16.71593488 16.05255639
 15.44244544 15.85270072 15.89255132 16.59319249 19.41862523 18.759338
 18.91086921 19.48918282 19.92452258 21.1979785  20.68056974 19.91616772
 20.2402869 ]",24.03892929168109,151193284078.61597,222356935790.2049
9,01251966-12-0-90,"[0, 9, 16, 38, 49, 56, 62, 68, 77, 89, 103, 118, 132, 123, 144, 144, 137, 132, 137]","[90, 87, 88, 78, 69, 65, 58, 54, 52, 47, 43, 40, 26, 20, 21, 20, 19, 23, 28]","[100980.625, 100908.4375, 100772.25, 100694.3125, 100062.125, 99565.625, 98761.6875, 98131.9375, 98166.625, 97305.5625, 97016.625, 96589.0625, 96242.625, 95926.1875, 95996.0, 95882.6875, 96397.875, 97100.75, 97958.0625]","[3, 6, 16, 36, 49, 57, 62, 68, 79, 89, 103, 117, 129, 124, 143, 144, 137, 132, 137]","[102, 93, 90, 81, 71, 65, 59, 54, 51, 47, 41, 37, 27, 21, 20, 20, 19, 23, 27]",4,108,4777.370528797471,4700.824321661198,44.23491230368028,43.52615112649258,86.0,48.8421052631579,85.84210526315789,49.89473684210526,"[  0   2   3   4   6   8   9  10  11  12  14  15  16  20  23  27  31  34
  38  40  42  44  45  47  49  50  51  52  54  55  56  57  58  59  60  61
  62  63  64  65  66  67  68  70  71  72  74  76  77  79  81  83  85  87
  89  91  94  96  98 101 103 106 108 110 113 116 118 120 123 125 127 130
 132 130 129 128 126 124 123 126 130 134 137 140 144 144 144 144 144 144
 144 143 142 140 139 138 137 136 135 134 134 133 132 133 134 134 135 136
 137]","[90 90 89 88 88 88 87 87 87 88 88 88 88 86 85 83 81 80 78 76 75 74 72 70
 69 68 68 67 66 66 65 64 63 62 60 59 58 57 57 56 55 55 54 54 53 53 53 52
 52 51 50 50 49 48 47 46 46 45 44 44 43 42 42 42 41 40 40 38 35 33 31 28
 26 25 24 23 22 21 20 20 20 20 21 21 21 21 21 20 20 20 20 20 20 20 19 19
 19 20 20 21 22 22 23 24 25 26 26 27 28]","[3516 3517 3518 3519 3520 3521 3522 3523 3524 3525 3526 3527 3528 3529
 3530 3531 3532 3533 3534 3535 3536 3537 3538 3539 3540 3541 3542 3543
 3544 3545 3546 3547 3548 3549 3550 3551 3552 3553 3554 3555 3556 3557
 3558 3559 3560 3561 3562 3563 3564 3565 3566 3567 3568 3569 3570 3571
 3572 3573 3574 3575 3576 3577 3578 3579 3580 3581 3582 3583 3584 3585
 3586 3587 3588 3589 3590 3591 3592 3593 3594 3595 3596 3597 3598 3599
 3600 3601 3602 3603 3604 3605 3606 3607 3608 3609 3610 3611 3612 3613
 3614 3615 3616 3617 3618 3619 3620 3621 3622 3623 3624]",106353963033.81079,"[100980.625  101034.125  101031.0625 101039.6875 101049.875  101014.5
 100908.4375 100819.25   100753.6875 100716.625  100734.375  100793.4375
 100772.25   100731.625  100729.1875 100709.     100741.6875 100693.5625
 100694.3125 100552.5625 100389.125  100274.9375 100215.3125 100132.
 100062.125   99981.8125  99963.125   99931.6875  99857.4375  99707.125
  99565.625   99383.      99187.5625  99136.8125  98979.75    98909.5
  98761.6875  98684.375   98575.875   98417.5     98355.125   98260.4375
  98131.9375  98073.1875  98013.5     97936.3125  98113.0625  98246.75
  98166.625   97968.75    97786.5     97689.6875  97625.5     97438.375
  97305.5625  97172.5     97079.9375  97128.1875  97034.5     97097.5625
  97016.625   96915.8125  96784.8125  96766.9375  96687.0625  96637.8125
  96589.0625  96561.75    96482.5     96382.3125  96540.25    96403.875
  96242.625   96129.9375  96000.25    95947.625   95899.1875  95894.25
  95926.1875  96009.625   96063.6875  96012.0625  96009.1875  96065.25
  95996.      95968.6875  95860.3125  95807.4375  95827.4375  95798.375
  95882.6875  95854.      95933.      96033.0625  96205.9375  96375.125
  96397.875   96520.5     96561.6875  96673.625   96796.0625  96905.375
  97100.75    97292.375   97535.0625  97755.      97676.625   97839.875
  97958.0625]",95798.375,"[13.51346216 13.55946291 14.36056716 14.43728468 14.73132535 15.18542264
 15.33683448 15.31320212 15.47277078 15.0734586  13.55021059 14.12442806
 14.71586693 15.41060996 15.46462956 16.35119533 17.02301117 17.69610049
 17.84708739 18.1236035  17.80621099 18.18075121 17.45142082 17.6798241
 18.8666558  19.16955849 19.11067583 18.18027842 18.46551212 19.40598023
 19.98613295 20.49279282 20.46049898 19.79944436 19.54402422 19.40445091
 20.65044462 20.67440843 20.78165953 20.55337175 21.76843129 21.48470541
 21.82339183 22.54138098 23.19372093 23.9923824  21.9337724  23.7677539
 23.5090587  23.75570677 23.12769337 25.41100428 24.1563198  24.86639466
 24.99025167 24.54910614 24.60949939 25.18309605 22.04158734 24.66675041
 24.68147927 24.18192028 24.50007031 25.05797067 25.56194538 25.7138218
 25.83430649 26.60346126 26.81567501 27.19761175 25.33678873 25.59244307
 25.28533581 25.82604934 24.67777839 24.51555623 24.57504569 24.63226811
 24.42854469 24.06702946 23.60674538 23.54277875 23.73943276 23.71387942
 23.37604151 23.22561771 22.97355321 22.87771901 23.1213669  23.32298174
 23.39819185 23.35877641 23.15848382 23.09393028 22.68200898 23.50240042
 23.91812334 23.65897647 23.52701237 23.42408311 23.53314609 23.27728497
 23.48335219 23.47520082 22.93454604 22.39037358 22.43959198 22.88928121
 23.08624017]",27.197611745493056,"[13.51346216 13.55946291 14.36056716 14.43728468 14.73132535 15.18542264
 15.33683448 15.31320212 15.47277078 15.0734586  13.55021059 14.12442806
 15.28336007 15.65342304 15.62931008 16.35119533 17.02301117 17.69610049
 17.84708739 18.1236035  17.80621099 18.18075121 17.45142082 17.6798241
 18.8666558  19.16955849 19.11067583 18.18027842 18.46551212 19.40598023
 19.98613295 20.49279282 20.46049898 19.79944436 19.54402422 19.40445091
 20.65044462 20.67440843 20.78165953 20.55337175 21.76843129 21.48470541
 21.82339183 22.54138098 23.19372093 23.9923824  21.9337724  23.7677539
 23.5090587  23.75570677 23.12769337 25.41100428 24.1563198  24.86639466
 24.99025167 24.54910614 24.60949939 25.18309605 22.04158734 24.66675041
 24.68147927 24.18192028 24.50007031 25.05797067 25.56194538 25.7138218
 25.83430649 26.60346126 26.81567501 27.19761175 25.33678873 25.59244307
 25.28533581 25.82604934 24.7201408  24.6599708  24.61096969 25.0998668
 25.1678267  25.24817229 25.65023284 25.83299152 24.53299846 24.87997936
 25.08093397 25.20260782 24.87384049 24.44868054 24.60630435 24.61585178
 24.86305032 24.69799837 24.59535867 24.54473357 24.09875001 23.79730519
 23.91812334 23.65897647 23.72494674 23.76560739 23.67385499 23.46929873
 23.4903444  23.47520082 22.93454604 22.39037358 22.43959198 22.88928121
 23.08624017]",27.197611745493056,"[13.51346216 13.55946291 14.36056716 14.43728468 14.73132535 15.18542264
 15.33683448 15.31320212 15.47277078 15.0734586  13.55021059 14.12442806
 15.28336007 15.65342304 15.62931008 16.35119533 17.02301117 17.69610049
 17.84708739 18.1236035  17.80621099 18.18075121 17.45142082 17.6798241
 18.8666558  19.16955849 19.11067583 18.18027842 18.46551212 19.40598023
 19.98613295 20.49279282 20.46049898 19.79944436 19.54402422 19.40445091
 20.65044462 20.67440843 20.78165953 20.55337175 21.76843129 21.48470541
 21.82339183 22.54138098 23.19372093 23.9923824  21.9337724  23.7677539
 23.5090587  23.75570677 23.12769337 25.41100428 24.1563198  24.86639466
 24.99025167 24.54910614 24.60949939 25.18309605 22.04158734 24.66675041
 24.68147927 24.18192028 24.50007031 25.05797067 25.56194538 25.7138218
 25.83430649 26.60346126 26.81567501 27.19761175 25.33678873 25.59244307
 25.28533581 25.82604934 24.7201408  24.6599708  24.61096969 25.0998668
 25.1678267  25.32979761 25.65023284 25.83299152 24.88858901 24.92117484
 25.08093397 25.20260782 24.87384049 24.44868054 24.60630435 24.61585178
 24.86305032 24.69799837 24.59535867 24.54473357 24.09875001 23.79730519
 23.91812334 23.65897647 23.72494674 23.76560739 23.67385499 23.46929873
 23.4903444  23.47520082 22.93454604 22.39037358 22.43959198 22.88928121
 23.08624017]",27.197611745493056,169721994408.95145,220140991620.6696
10,01291966-06-0-79,"[0, 11, 25, 56, 59, 61, 64, 69, 77, 82, 88, 97, 109]","[79, 76, 72, 59, 50, 42, 36, 20, 23, 22, 20, 19, 14]","[100581.9375, 100422.125, 100319.75, 99846.5625, 98874.375, 97945.5, 97177.875, 97382.125, 97476.75, 98049.6875, 98255.5625, 98796.25, 98973.125]","[2, 11, 26, 52, 59, 61, 64, 69, 77, 83, 89, 98, 108]","[80, 76, 73, 62, 50, 42, 36, 23, 23, 21, 19, 16, 16]",6,72,3411.6935248087666,3243.5715174608818,47.384632289010646,45.04960440917891,61.38461538461539,40.92307692307692,61.46153846153846,41.30769230769231,"[  0   2   4   6   7   9  11  13  16  18  20  23  25  30  35  40  46  51
  56  56  57  58  58  58  59  59  60  60  60  61  61  62  62  62  63  64
  64  65  66  66  67  68  69  70  72  73  74  76  77  78  79  80  80  81
  82  83  84  85  86  87  88  90  91  92  94  96  97  99 101 103 105 107
 109]","[79 78 78 78 77 76 76 75 75 74 73 73 72 70 68 66 63 61 59 58 56 54 53 52
 50 49 47 46 45 43 42 41 40 39 38 37 36 33 31 28 25 23 20 20 21 22 22 22
 23 23 23 22 22 22 22 22 21 21 21 20 20 20 20 20 19 19 19 18 17 16 16 15
 14]","[3606 3607 3608 3609 3610 3611 3612 3613 3614 3615 3616 3617 3618 3619
 3620 3621 3622 3623 3624 3625 3626 3627 3628 3629 3630 3631 3632 3633
 3634 3635 3636 3637 3638 3639 3640 3641 3642 3643 3644 3645 3646 3647
 3648 3649 3650 3651 3652 3653 3654 3655 3656 3657 3658 3659 3660 3661
 3662 3663 3664 3665 3666 3667 3668 3669 3670 3671 3672 3673 3674 3675
 3676 3677 3678]",56960126781.22089,"[100581.9375 100397.75   100357.75   100322.8125 100310.6875 100362.875
 100422.125  100464.25   100412.6875 100484.375  100541.3125 100415.875
 100319.75   100174.125  100128.3125 100081.5    100005.375   99913.625
  99846.5625  99672.4375  99577.625   99475.9375  99294.6875  99117.875
  98874.375   98739.75    98579.      98410.0625  98188.1875  98123.8125
  97945.5     97807.5     97659.125   97488.5625  97399.875   97273.5
  97177.875   97171.0625  97183.25    97220.9375  97251.5     97341.0625
  97382.125   97426.875   97392.625   97435.6875  97487.3125  97462.75
  97476.75    97518.9375  97544.      97585.5     97946.      97985.375
  98049.6875  98097.5625  98133.5625  98150.3125  98189.4375  98212.125
  98255.5625  98316.5     98350.1875  98437.0625  98686.5     98740.75
  98796.25    98809.0625  98879.5625  98839.5625  98879.75    98950.625
  98973.125 ]",97171.0625,"[15.94049127 16.01887964 17.77830995 16.55652973 13.71407623 12.82383467
 12.92511869 13.94175847 14.8367198  15.65797771 15.18735694 14.89374389
 15.13317631 14.75537319 14.88883085 15.58190813 16.92418748 17.36080951
 18.09862247 19.19274424 18.79299146 19.4587306  19.67537289 19.24019199
 19.27186282 19.60472531 20.57672712 19.97759551 19.87565148 22.47246049
 24.57717918 24.09223978 24.01011465 21.4792293  20.55899736 20.50639696
 21.29818834 20.53964749 20.94453859 21.20041477 21.52703824 21.61418536
 21.94578616 22.1180171  20.19249087 20.4104344  20.6977419  21.03595667
 21.00716746 20.52884965 20.32923258 20.76384777 20.62339915 19.69106001
 18.83492278 18.93835285 19.03909154 19.10097203 19.17330465 19.2735686
 19.21019693 18.76502359 18.40401628 18.49927081 16.96903749 17.59634291
 18.02293118 17.22773587 16.03023485 15.18691842 15.23658873 14.00592225
 13.0107323 ]",24.5771791765342,"[15.94049127 16.01887964 17.77830995 16.55652973 13.71407623 12.82383467
 15.27010009 17.53171755 16.62526981 15.80278965 15.33016445 15.55596804
 15.59131835 15.10502264 14.93280299 15.58190813 16.92418748 17.36080951
 18.09862247 19.19274424 18.79299146 19.4587306  19.67537289 19.24019199
 19.27186282 19.60472531 22.20774384 22.40955318 20.91926053 22.47246049
 24.57717918 24.09223978 24.01011465 21.5468946  21.55738802 20.91112916
 21.62358656 22.0770636  22.21698055 21.76890172 21.52703824 21.72760757
 21.94578616 22.1180171  21.66948195 21.74272457 21.24931572 21.05020002
 21.00716746 20.94979131 20.51303501 20.76384777 20.62339915 19.87031821
 20.17661209 20.349907   20.35144206 20.51500395 20.83626383 21.28540943
 21.15963809 20.64544854 20.33021279 20.00966302 19.25343646 19.48512149
 19.71889861 19.40737191 19.00422503 18.91490248 18.57116939 18.52373517
 18.23568428]",24.5771791765342,"[15.94049127 16.01887964 17.77830995 16.55652973 13.71407623 12.82383467
 15.27010009 17.53171755 16.62526981 15.80278965 15.33016445 15.55596804
 15.59131835 15.55046736 15.58486243 15.58190813 16.92418748 17.36080951
 18.09862247 19.19274424 18.79299146 19.4587306  19.67537289 19.24019199
 19.27186282 19.60472531 22.20774384 22.40955318 20.94845377 22.47246049
 24.57717918 24.09223978 24.01011465 21.5468946  21.55738802 20.91112916
 21.62358656 22.0770636  22.21698055 21.76890172 21.52703824 21.72760757
 21.94578616 22.1180171  21.66948195 21.74272457 21.24931572 21.05020002
 21.00716746 20.94979131 20.51303501 20.76384777 20.62339915 19.87031821
 20.17661209 20.41905019 20.37940695 20.51500395 20.83626383 21.44863045
 21.18787797 20.75630147 20.46032598 20.03247353 19.25343646 19.48512149
 19.71889861 19.76694629 19.60857358 19.36274427 19.05878791 19.07260022
 19.10499695]",24.5771791765342,89952160113.85336,118738812826.26778
11,02121966-12-0-85,"[0, 0, 8, 13, 23, 39, 56, 87, 110, 123, 138]","[85, 74, 64, 58, 58, 45, 38, 23, 7, 1, 0]","[100782.4375, 100282.9375, 99931.25, 99597.25, 98717.125, 98433.5, 98740.5625, 98805.4375, 98278.5625, 98044.375, 98046.8125]","[2, 2, 6, 13, 25, 38, 59, 85, 111, 125, 140]","[85, 72, 66, 62, 56, 47, 38, 25, 7, 1, 1]",1,60,3935.443787273053,3894.190420806385,65.59072978788421,64.90317368010642,54.27272727272727,41.18181818181818,55.09090909090909,41.81818181818182,"[  0   0   0   0   0   0   0   1   3   4   5   7   8   9  10  10  11  12
  13  15  16  18  20  21  23  26  28  31  34  36  39  42  45  48  50  53
  56  61  66  72  77  82  87  91  95  98 102 106 110 112 114 116 119 121
 123 126 128 130 133 136 138]","[85 83 81 80 78 76 74 72 71 69 67 66 64 63 62 61 60 59 58 58 58 58 58 58
 58 56 54 52 49 47 45 44 43 42 40 39 38 36 33 30 28 26 23 20 18 15 12 10
  7  6  5  4  3  2  1  1  1  0  0  0  0]","[3948 3949 3950 3951 3952 3953 3954 3955 3956 3957 3958 3959 3960 3961
 3962 3963 3964 3965 3966 3967 3968 3969 3970 3971 3972 3973 3974 3975
 3976 3977 3978 3979 3980 3981 3982 3983 3984 3985 3986 3987 3988 3989
 3990 3991 3992 3993 3994 3995 3996 3997 3998 3999 4000 4001 4002 4003
 4004 4005 4006 4007 4008]",69266252845.97993,"[100782.4375 100638.4375 100645.375  100557.3125 100462.875  100349.8125
 100282.9375 100124.9375 100009.4375  99946.1875  99846.0625  99963.1875
  99931.25    99974.8125  99900.625   99840.9375  99761.8125  99724.6875
  99597.25    99467.625   99324.0625  99137.375   98779.125   98747.375
  98717.125   98670.0625  98603.5625  98557.625   98469.375   98445.25
  98433.5     98466.4375  98433.8125  98378.8125  98555.375   98696.125
  98740.5625  98783.4375  98754.      98841.6875  98748.8125  98739.6875
  98805.4375  98821.25    98724.1875  98665.1875  98509.5     98395.3125
  98278.5625  98199.75    98167.625   98099.1875  98099.3125  98035.5625
  98044.375   98057.125   98034.875   97992.3125  97837.125   97939.125
  98046.8125]",97837.125,"[12.13188659 12.85877412 13.94891286 14.4491256  14.7176919  14.4197649
 14.35724704 13.82751569 12.48000715 12.07314539  9.6880777  10.68374249
 10.61893787  9.68570363  7.96734283  8.07630506  8.93081083  9.70694761
 10.51141298 13.56860205 14.51566941 15.05878131 16.616361   17.66193296
 18.40553355 19.40915869 19.69555482 21.29743362 19.73374547 20.23522409
 21.11251554 21.02521518 23.55388004 23.70855803 22.60457586 22.08462873
 22.09904992 22.23920529 22.58966683 20.62036322 19.33503064 19.80945452
 19.54047219 21.71209025 21.0041728  20.15114501 20.64228248 19.03857816
 18.06157301 17.86233761 17.52681882 17.55514968 17.34882432 17.11511587
 17.39621574 17.21956027 17.13550255 17.29670521 17.19393604 16.68079416
 16.87035882]",23.708558025736856,"[12.13188659 12.85877412 13.94891286 14.4491256  14.7176919  14.4197649
 14.35724704 13.82751569 12.48000715 12.07314539 10.66011162 11.50239595
 12.35276868 13.42868508 14.69315183 14.6926338  15.83161292 15.96356182
 15.91421972 16.48950683 16.4356314  16.08878287 17.78192946 18.06522869
 18.40553355 19.40915869 20.51044436 21.29743362 20.57047595 21.30485592
 21.77235564 22.80794132 23.57300088 23.70855803 22.60457586 22.20270568
 22.09904992 22.23920529 22.58966683 21.93405541 21.90492245 22.19054082
 21.08305819 21.71209025 21.0041728  20.15114501 20.64228248 19.03857816
 18.06157301 17.86233761 17.52681882 17.55514968 17.34882432 17.11511587
 17.39621574 17.21956027 17.13550255 17.29670521 17.19393604 16.68079416
 16.87035882]",23.708558025736856,"[12.13188659 12.85877412 13.94891286 14.4491256  14.7176919  14.4197649
 14.35724704 13.82751569 12.48000715 12.25993712 12.04256595 12.45408947
 13.05631991 13.48872415 14.69315183 14.70580731 15.83161292 15.96356182
 15.94303018 16.48950683 16.4356314  16.08878287 17.78192946 18.06522869
 18.40553355 19.40915869 20.51044436 21.29743362 20.57047595 21.30485592
 21.77235564 22.80794132 23.57300088 23.70855803 22.60457586 22.20270568
 22.09904992 22.23920529 22.58966683 21.93405541 21.90492245 22.19054082
 21.88595631 21.71209025 21.0041728  20.7606186  20.64228248 19.03857816
 18.51186149 18.27018378 17.8966556  18.04834142 17.75452593 17.36609915
 17.39621574 17.34400372 17.13550255 17.29670521 17.19393604 16.68079416
 16.87035882]",23.708558025736856,93291166603.75143,105194897141.77455
12,02191966-06-57-66,"[57, 58, 81, 107, 133]","[66, 68, 60, 51, 46]","[100600.4375, 100294.125, 100116.4375, 99800.125, 99697.375]","[51, 61, 83, 108, 130]","[72, 66, 59, 51, 47]",2,24,1856.9894123031088,1926.956958343023,77.37455884596285,80.28987326429262,87.2,58.2,86.6,59.0,"[ 57  57  57  58  58  58  58  62  66  70  73  77  81  85  90  94  98 103
 107 111 116 120 124 129 133]","[66 66 67 67 67 68 68 67 65 64 63 61 60 58 57 56 54 52 51 50 49 48 48 47
 46]","[4110 4111 4112 4113 4114 4115 4116 4117 4118 4119 4120 4121 4122 4123
 4124 4125 4126 4127 4128 4129 4130 4131 4132 4133 4134]",36909096554.34218,"[100600.4375 100554.75   100380.8125 100305.3125 100304.4375 100354.875
 100294.125  100321.5    100300.5    100325.5625 100316.6875 100237.1875
 100116.4375 100052.4375 100020.0625  99932.75    99911.25    99851.625
  99800.125   99794.375   99719.625   99658.9375  99708.125   99648.125
  99697.375 ]",99648.125,"[18.72769586 19.31186631 19.97186162 19.56956715 19.95500172 21.37534566
 21.13996553 21.62516581 22.3444973  21.77316461 21.9997876  21.78067615
 21.77576401 21.40520778 21.94509746 22.18337073 22.21781599 21.95776137
 22.15504443 22.76577988 22.94773432 22.99673802 22.44307101 22.39437551
 22.50941114]",22.99673801982622,"[18.72769586 19.31186631 19.97186162 19.56956715 19.95500172 21.37534566
 21.13996553 21.62516581 22.3444973  21.77316461 21.9997876  21.78067615
 21.77576401 21.40520778 21.94509746 22.18337073 22.21781599 21.95776137
 22.15504443 22.76577988 22.94773432 22.99673802 22.44307101 22.39437551
 22.50941114]",22.99673801982622,"[18.72769586 19.31186631 19.97186162 19.56956715 19.95500172 21.37534566
 21.13996553 21.62516581 22.3444973  21.77316461 21.9997876  21.78067615
 21.77576401 21.40520778 21.94509746 22.18337073 22.21781599 21.95776137
 22.15504443 22.76577988 22.94773432 22.99673802 22.44307101 22.39437551
 22.50941114]",22.99673801982622,49317955158.26599,55832382389.41999
13,02251966-06-62-45,"[62, 69, 76, 83, 93, 107, 121, 132, 166]","[45, 40, 35, 29, 27, 23, 20, 18, 0]","[100712.875, 99946.4375, 99063.25, 98506.5, 98248.875, 98614.1875, 98781.125, 98937.375, 98705.1875]","[65, 71, 78, 88, 93, 107, 122, 143, 165]","[48, 41, 34, 26, 25, 21, 18, 12, 2]",3,48,2460.9635908565488,2420.3945834761744,51.27007480951144,50.42488715575363,101.0,26.33333333333333,103.55555555555556,25.22222222222222,"[ 62  63  64  66  67  68  69  70  71  72  74  75  76  77  78  80  81  82
  83  85  86  88  90  91  93  95  98 100 102 105 107 109 112 114 116 119
 121 123 125 126 128 130 132 138 143 149 155 160 166]","[45 44 43 42 42 41 40 39 38 38 37 36 35 34 33 32 31 30 29 29 28 28 28 27
 27 26 26 25 24 24 23 22 22 22 21 20 20 20 19 19 19 18 18 15 12  9  6  3
  0]","[4254 4255 4256 4257 4258 4259 4260 4261 4262 4263 4264 4265 4266 4267
 4268 4269 4270 4271 4272 4273 4274 4275 4276 4277 4278 4279 4280 4281
 4282 4283 4284 4285 4286 4287 4288 4289 4290 4291 4292 4293 4294 4295
 4296 4297 4298 4299 4300 4301 4302]",34728619557.6957,"[100712.875  100577.5    100466.0625 100284.5    100191.1875 100070.75
  99946.4375  99815.5     99670.25    99565.      99394.1875  99245.875
  99063.25    98833.375   98734.      98561.625   98543.6875  98502.9375
  98506.5     98418.5625  98310.75    98216.5     98219.1875  98232.8125
  98248.875   98289.6875  98285.25    98261.3125  98588.25    98611.375
  98614.1875  98637.0625  98621.      98666.0625  98722.5625  98761.4375
  98781.125   98807.6875  98874.0625  98827.625   98926.6875  98921.375
  98937.375   98913.875   98857.4375  98824.4375  98736.75    98692.5625
  98705.1875]",98216.5,"[18.28162645 18.65161906 18.72623234 18.42597828 18.84193576 18.58396578
 18.3875589  18.22729144 16.92889678 17.8504592  18.41281693 18.82774542
 19.31206262 20.43302903 19.90602063 19.96290876 18.0709134  19.04974915
 18.82324981 18.88733548 18.60123745 19.06818761 18.97698272 19.44250965
 20.00238167 19.80993195 19.38700585 19.43635356 19.04450465 18.57402418
 18.42736846 16.66809736 16.9957265  16.65732825 17.04560493 17.22636284
 17.2195312  17.05966039 16.28773453 15.37200878 16.23455785 16.46924668
 17.21764316 16.80117617 15.82777107 15.66744904 15.68912077 15.82282264
 14.97005076]",20.433029033560224,"[18.28162645 18.65161906 18.72623234 18.42597828 18.84193576 18.58396578
 18.3875589  18.22729144 16.92889678 17.8504592  18.49122638 19.38056188
 19.31206262 20.43302903 19.90602063 20.2059636  18.0709134  19.28035472
 20.32115947 19.69243526 18.97423779 19.14401351 19.17975565 19.44250965
 20.00238167 19.80993195 19.38700585 19.43635356 19.04450465 18.57402418
 18.42736846 16.91743106 16.9957265  16.79839823 17.04560493 17.22636284
 17.89199585 17.72468272 16.71791975 16.43508797 16.81647491 17.19182345
 17.74195854 18.21416895 18.19538638 16.727313   16.97675236 17.38581159
 16.04009279]",20.433029033560224,"[18.28162645 18.65161906 18.72623234 18.42597828 18.84193576 18.58396578
 18.3875589  18.22729144 16.92889678 17.8504592  18.49122638 19.38056188
 19.31206262 20.43302903 19.90602063 20.2059636  18.23504024 19.28035472
 20.32115947 19.69243526 18.97423779 19.14401351 19.33209718 20.21402395
 20.00238167 19.80993195 19.38700585 19.43635356 19.04450465 18.57402418
 18.5505019  18.39455112 17.66895325 17.97865611 17.68166109 18.01138171
 17.89199585 17.72468272 18.58133587 17.45040324 17.77643943 17.19182345
 17.80871275 18.73193424 19.17219392 18.70949766 18.65191965 17.38581159
 17.6438448 ]",20.433029033560224,57565623162.8722,78650977005.20589
14,02281966-06-5-74,"[5, 10, 9, 35, 34, 42, 53, 62, 99, 104, 106, 111, 135]","[74, 77, 46, 30, 31, 21, 15, 10, 10, 5, 5, 6, 0]","[100673.4375, 100663.8125, 100259.375, 99612.875, 99612.875, 98885.5625, 98264.6875, 97979.25, 97666.1875, 97446.0625, 97734.125, 98020.5625, 98001.6875]","[5, 9, 16, 36, 36, 44, 55, 64, 98, 103, 108, 121, 134]","[81, 68, 48, 30, 30, 20, 14, 10, 10, 6, 6, 5, 3]",1,72,4022.279155672296,3762.2585665083952,55.86498827322633,52.253591201505486,61.92307692307692,25.384615384615383,63.76923076923077,25.46153846153846,"[  5   6   7   8   8   9  10  10  10  10   9   9   9  13  18  22  26  31
  35  35  35  34  34  34  34  35  37  38  39  41  42  44  46  48  49  51
  53  54  56  58  59  60  62  68  74  80  87  93  99 100 101 102 102 103
 104 104 105 105 105 106 106 107 108 108 109 110 111 115 119 123 127 131
 135]","[74 74 75 76 76 76 77 72 67 62 56 51 46 43 41 38 35 33 30 30 30 30 31 31
 31 29 28 26 24 23 21 20 19 18 17 16 15 14 13 12 12 11 10 10 10 10 10 10
 10  9  8  8  7  6  5  5  5  5  5  5  5  5  5  6  6  6  6  5  4  3  2  1
  0]","[4326 4327 4328 4329 4330 4331 4332 4333 4334 4335 4336 4337 4338 4339
 4340 4341 4342 4343 4344 4345 4346 4347 4348 4349 4350 4351 4352 4353
 4354 4355 4356 4357 4358 4359 4360 4361 4362 4363 4364 4365 4366 4367
 4368 4369 4370 4371 4372 4373 4374 4375 4376 4377 4378 4379 4380 4381
 4382 4383 4384 4385 4386 4387 4388 4389 4390 4391 4392 4393 4394 4395
 4396 4397 4398]",36876537123.400276,"[100673.4375 100638.75   100610.5    100524.875  100594.0625 100664.3125
 100663.8125 100665.6875 100623.875  100506.     100456.375  100368.6875
 100259.375  100216.25   100038.875   99976.      99669.3125  99689.625
  99612.875   99533.75    99390.9375  99213.6875  99080.0625  98931.3125
  98885.5625  98781.3125  98614.5625  98466.8125  98471.9375  98373.1875
  98264.6875  98213.625   98102.625   98038.4375  98019.875   97999.5
  97979.25    97834.375   97929.      97874.0625  97987.125   97906.3125
  97825.9375  97730.375   97585.3125  97478.375   97451.5     97473.875
  97446.0625  97466.625   97466.5625  97453.25    97686.625   97721.75
  97734.125   97765.5     97757.0625  97845.125   97917.0625  97977.125
  98020.5625  98043.5625  98137.5625  98044.0625  98041.25    98033.
  98001.6875  98045.5625  98016.875   97981.75    97942.0625  97975.0625
  97986.    ]",97446.0625,"[11.09429676 11.5178792  12.03689687 12.46444609 11.59868124 12.00217163
 12.440712   12.40034858 11.56118026  8.80577987  7.77500624  8.79000006
  5.99558567  6.81842634  7.37514064  7.69558382  8.01804951  9.70351411
 12.90175487 13.16906104 11.47985408 12.91013173 13.57246071 11.33892076
 12.25481815 12.76636483 13.21016941 13.37567359 12.1060634  13.57411858
 13.93325381 15.0379191  15.79943935 16.510826   17.76686584 18.8190162
 18.56831615 17.59228588 16.66994344 16.15328925 15.54788824 16.6504231
 17.37507634 17.53086678 16.85215939 16.17922892 14.37220919 14.92888235
 15.13304618 14.5920441  14.11691252 14.50680031 14.36156478 13.7312105
 12.90645825 12.24127295 12.90264635 12.6643868  12.42282234 11.80226173
 11.89858694 12.30226303 12.82598814 12.90348404 13.2423373  13.43297402
 13.86728474 13.70148437 13.60312611 13.37414825 12.66789051 12.88281633
 11.92310627]",18.81901620027661,"[11.80637152 12.05650006 12.13528838 12.46444609 12.17332022 12.67879663
 13.46958158 14.49890478 14.09356807 15.05704082 14.43196607 14.60774328
 14.61446532 15.43833549 16.50086401 18.47405797 19.29616462 19.34927661
 18.38122101 18.38306377 18.4277467  19.87130953 20.68145292 20.36515969
 19.25883761 18.87622808 20.25850387 20.31701385 19.33080819 19.25295146
 14.33501016 15.0379191  15.79943935 16.510826   17.76686584 18.8190162
 18.56831615 17.59228588 16.66994344 17.11886284 15.54788824 16.6504231
 17.37507634 17.53086678 16.85215939 16.17922892 16.17777253 18.11047542
 18.28574196 18.2652485  17.6435659  17.70194565 16.93590005 16.35450406
 15.82570757 16.29688904 16.282648   17.40568198 18.04299156 18.70230034
 18.67603229 18.20688486 18.17480254 17.2780009  18.21539379 17.96696031
 17.738725   16.71997768 16.10115244 15.20972073 14.92777229 14.95943925
 14.6719335 ]",20.68145292264294,"[14.78947843 14.33573586 14.3108236  14.30283092 15.03329378 15.03698772
 15.44372052 16.13250246 16.15680995 16.94690893 16.62998986 16.75853803
 16.88710201 16.97381008 17.82250338 18.47405797 19.29616462 19.34927661
 19.43920648 20.04296621 20.78383422 21.33031529 22.9185027  23.45413115
 25.60297892 24.20696074 23.48012761 22.13188438 23.34942879 22.39462224
 21.41759296 21.56211927 19.9779396  19.94738764 19.5693112  19.26278209
 19.15074459 20.04165865 20.97749175 20.1172595  19.39980579 18.31279517
 17.72592368 19.6954837  21.02775716 20.65644928 20.03146671 20.82686502
 21.52917067 21.50966806 21.37846889 20.81937178 19.93702502 20.79977816
 19.77786408 19.65718273 20.26125942 20.22278941 19.82925824 19.35491198
 18.81878995 18.70397962 18.72244584 18.73187164 19.12177019 18.96490586
 18.52942013 18.10283545 18.69317115 19.0226108  19.44764286 19.50412196
 19.33494711]",25.60297891938348,64312373131.66945,99711891113.3078
15,03301966-12-57-15,"[57, 44, 47, 71, 97, 99, 108, 115, 130, 145, 155, 166, 181, 198, 200]","[15, 46, 56, 47, 28, 25, 22, 36, 36, 30, 24, 19, 16, 14, 6]","[99717.75, 99659.75, 99576.75, 99513.0, 99006.875, 98818.9375, 98365.3125, 97924.875, 97918.6875, 97658.0625, 97436.875, 97650.0625, 98219.75, 98667.9375, 99347.125]","[56, 53, 52, 72, 97, 101, 111, 116, 129, 144, 157, 166, 179, 194, 199]","[18, 34, 53, 48, 34, 37, 29, 26, 33, 29, 23, 17, 14, 11, 6]",3,84,5290.106748952762,4594.464424400726,62.97746129705669,54.6960050523896,120.86666666666666,28.0,121.73333333333332,27.466666666666665,"[ 57  55  53  50  48  46  44  44  45  46  46  46  47  51  55  59  63  67
  71  75  80  84  88  93  97  97  98  98  98  99  99 100 102 104 105 106
 108 109 110 112 113 114 115 118 120 122 125 128 130 132 135 138 140 142
 145 147 148 150 152 153 155 157 159 160 162 164 166 168 171 174 176 178
 181 184 187 190 192 195 198 198 199 199 199 200 200]","[15 20 25 30 36 41 46 48 49 51 53 54 56 54 53 52 50 48 47 44 41 38 34 31
 28 28 27 26 26 26 25 24 24 24 23 22 22 24 27 29 31 34 36 36 36 36 36 36
 36 35 34 33 32 31 30 29 28 27 26 25 24 23 22 22 21 20 19 18 18 18 17 16
 16 16 15 15 15 14 14 13 11 10  9  7  6]","[5052 5053 5054 5055 5056 5057 5058 5059 5060 5061 5062 5063 5064 5065
 5066 5067 5068 5069 5070 5071 5072 5073 5074 5075 5076 5077 5078 5079
 5080 5081 5082 5083 5084 5085 5086 5087 5088 5089 5090 5091 5092 5093
 5094 5095 5096 5097 5098 5099 5100 5101 5102 5103 5104 5105 5106 5107
 5108 5109 5110 5111 5112 5113 5114 5115 5116 5117 5118 5119 5120 5121
 5122 5123 5124 5125 5126 5127 5128 5129 5130 5131 5132 5133 5134 5135
 5136]",31195038514.37867,"[99717.75   99686.625  99675.375  99679.375  99691.5    99719.6875
 99659.75   99577.25   99517.75   99535.0625 99480.1875 99506.1875
 99576.75   99647.     99658.625  99684.5    99628.6875 99588.875
 99513.     99421.5625 99374.3125 99282.125  99240.5    99143.8125
 99006.875  99011.75   99012.375  98984.875  98890.375  98810.6875
 98818.9375 98699.     98642.6875 98646.9375 98449.625  98402.4375
 98365.3125 98347.0625 98210.25   98155.1875 98096.75   98027.
 97924.875  97920.     97872.75   97833.0625 98012.5    98006.9375
 97918.6875 97926.0625 97869.6875 97793.25   97682.9375 97704.5
 97658.0625 97546.875  97588.0625 97474.5    97462.375  97398.125
 97436.875  97409.6875 97433.9375 97483.625  97541.375  97586.375
 97650.0625 97711.1875 97842.25   97919.1875 98190.25   98186.0625
 98219.75   98310.375  98370.4375 98408.0625 98500.5625 98552.8125
 98667.9375 98822.125  98873.875  99007.3125 99067.125  99257.75
 99404.125 ]",97398.125,"[ 7.50260938  8.69172159 10.56074153 10.72575892 10.51698638 11.38302665
 12.46317172 12.5356555  12.61085365 12.33631041 10.84376832 11.06810737
 11.19365896 11.36362877 11.4303233  12.04078619 12.73820003 13.23776131
 13.56186479 12.92457725 14.49925309 13.87790486 13.9792115  14.49759149
 15.25370771 15.16863872 15.28161798 14.81626175 14.05466394 14.21731381
 14.18254609 15.23187787 16.14625456 16.06411329 16.27795674 15.75542855
 16.69636713 16.81822698 15.54170688 16.5325606  18.74333068 19.40485058
 19.66136695 19.13495146 18.64766843 18.0998554  17.97280001 18.40375218
 19.08182645 19.59109641 19.67257348 19.21626982 19.48482899 19.99550927
 20.33481273 20.81495778 21.01883072 20.66267852 20.50111406 20.0061469
 20.84030263 20.02276714 20.30026333 20.95488261 20.87804573 20.80975843
 20.29451463 20.92879398 21.23145606 21.80605096 22.11199274 22.03848579
 21.61271047 21.53195091 21.12023658 20.95814991 20.95434452 21.08198402
 20.95808125 20.42038152 20.09338295 20.53126093 20.21857043 19.79273617
 18.31287543]",22.11199274054925,"[ 8.85656519 10.524355   10.56074153 10.75124801 11.80755298 12.68783912
 13.18269706 14.38493645 15.27804535 15.04246224 18.11069566 16.78773133
 15.29344295 16.66958829 17.27194785 17.45349886 18.23417276 20.36410635
 21.6535825  20.40181515 18.85840936 16.80783155 14.68273977 15.50360996
 15.25370771 15.16863872 15.28161798 14.81626175 15.31953449 19.33862399
 18.70747425 17.82866011 17.62582954 18.66843139 21.32986994 17.39184241
 18.25957048 18.77443444 19.25901398 19.30320311 19.64623803 19.40485058
 19.66136695 19.13495146 19.37329985 20.05618773 19.85969458 19.67207269
 19.82920307 19.92306918 19.93240221 20.1905165  20.3444344  20.65606278
 20.39589741 20.81495778 21.01883072 20.66267852 20.50111406 20.0061469
 20.84030263 20.02276714 20.30026333 20.95488261 20.87804573 20.80975843
 20.75416295 20.92879398 21.23145606 21.80605096 22.11199274 22.03848579
 21.61271047 21.53195091 21.12023658 20.95814991 20.95434452 21.08198402
 20.95808125 20.51108749 20.72413772 20.53126093 20.82493092 20.44954983
 19.61158015]",22.11199274054925,"[10.24680681 10.524355   10.56074153 11.41086949 11.80755298 12.68783912
 16.78447423 17.27171403 17.84725979 18.61764484 18.11069566 16.78773133
 17.58635166 18.10899578 17.27194785 17.58540235 18.23417276 20.36410635
 21.6535825  20.40181515 18.85840936 17.58754681 18.68788516 19.34017085
 17.42623432 17.40754627 18.86967246 19.38632479 19.7192393  20.96704301
 21.35310101 19.92703227 19.79596143 20.40542459 21.32986994 18.53303847
 18.25957048 18.77443444 19.25901398 19.30320311 19.64623803 19.50596543
 19.66136695 19.46410963 19.37329985 20.05618773 19.85969458 19.67207269
 19.82920307 19.92306918 19.93240221 20.1905165  20.3444344  20.65606278
 20.39589741 20.81495778 21.01883072 20.66267852 20.50111406 20.0061469
 20.84030263 20.02276714 20.30026333 20.95488261 20.87804573 20.80975843
 20.75416295 20.92879398 21.23145606 21.80605096 22.11199274 22.03848579
 21.61271047 21.53195091 21.12023658 20.95814991 20.95434452 21.08198402
 20.95808125 20.51108749 20.72413772 20.53126093 20.82493092 20.44954983
 19.61158015]",22.11199274054925,58432642565.130806,96952837561.21353
16,04031966-06-0-43,"[0, 0, 13, 27, 26, 51, 76, 92, 114, 139, 157, 163, 166, 170, 177, 185, 200, 200]","[43, 43, 42, 56, 61, 55, 52, 49, 42, 34, 21, 11, 8, 8, 8, 9, 2, 0]","[100040.5625, 99729.375, 99908.75, 100037.9375, 99998.4375, 99734.4375, 99406.5, 99063.625, 98598.875, 98453.375, 97985.9375, 97112.1875, 96599.0625, 96732.0, 96698.875, 97001.625, 96704.0, 96833.0]","[1, 3, 12, 23, 41, 51, 72, 92, 114, 138, 157, 164, 165, 170, 177, 187, 198, 199]","[44, 44, 43, 54, 52, 53, 50, 49, 42, 30, 20, 11, 7, 8, 8, 8, 6, 3]",3,102,5187.845469845724,4869.511721263822,50.861230096526704,47.740310992782575,108.66666666666669,30.22222222222222,109.11111111111111,29.55555555555556,"[  0   0   0   0   0   0   0   2   4   6   9  11  13  15  18  20  22  25
  27  27  27  26  26  26  26  30  34  38  43  47  51  55  59  64  68  72
  76  79  81  84  87  89  92  96  99 103 107 110 114 118 122 126 131 135
 139 142 145 148 151 154 157 158 159 160 161 162 163 164 164 164 165 166
 166 167 167 168 169 169 170 171 172 174 175 176 177 178 180 181 182 184
 185 188 190 192 195 198 200 200 200 200 200 200 200]","[43 43 43 43 43 43 43 43 43 42 42 42 42 44 47 49 51 54 56 57 58 58 59 60
 61 60 59 58 57 56 55 54 54 54 53 52 52 52 51 50 50 50 49 48 47 46 44 43
 42 41 39 38 37 35 34 32 30 28 25 23 21 19 18 16 14 13 11 10 10 10  9  8
  8  8  8  8  8  8  8  8  8  8  8  8  8  8  8  8  9  9  9  8  7  6  4  3
  2  2  1  1  1  0  0]","[5142 5143 5144 5145 5146 5147 5148 5149 5150 5151 5152 5153 5154 5155
 5156 5157 5158 5159 5160 5161 5162 5163 5164 5165 5166 5167 5168 5169
 5170 5171 5172 5173 5174 5175 5176 5177 5178 5179 5180 5181 5182 5183
 5184 5185 5186 5187 5188 5189 5190 5191 5192 5193 5194 5195 5196 5197
 5198 5199 5200 5201 5202 5203 5204 5205 5206 5207 5208 5209 5210 5211
 5212 5213 5214 5215 5216 5217 5218 5219 5220 5221 5222 5223 5224 5225
 5226 5227 5228 5229 5230 5231 5232 5233 5234 5235 5236 5237 5238 5239
 5240 5241 5242 5243 5244]",49178581686.32095,"[100040.5625  99922.0625  99890.9375  99820.8125  99736.25    99680.3125
  99729.375   99805.5     99838.625   99895.75    99900.8125  99889.5
  99908.75    99906.125   99933.0625  99938.625   99998.6875 100065.6875
 100037.9375 100125.9375 100168.875  100146.     100117.625  100032.9375
  99998.4375  99903.25    99895.5     99828.      99737.      99752.5
  99734.4375  99786.6875  99704.1875  99673.125   99645.9375  99499.6875
  99406.5     99299.1875  99192.3125  99183.0625  99185.6875  99124.75
  99063.625   99068.9375  98972.25    98833.875   98734.625   98671.375
  98598.875   98599.0625  98598.125   98552.5625  98520.375   98517.25
  98453.375   98400.875   98291.25    98222.375   98151.4375  98080.125
  97985.9375  97961.0625  97838.1875  97742.4375  97285.625   97236.25
  97112.1875  97026.4375  96859.75    96786.8125  96680.1875  96593.5625
  96599.0625  96602.5625  96566.125   96550.25    96667.3125  96701.1875
  96732.      96760.375   96722.5625  96710.625   96685.6875  96660.375
  96698.875   96726.25    96776.      96776.75    96960.9375  96925.3125
  97001.625   96950.75    96931.625   96829.0625  96772.8125  96759.375
  96756.5     96735.3125  96793.875   96891.6875  96853.1875  96879.375
  96911.25  ]",96550.25,"[ 6.59958736  6.5107915   6.46669411  6.56241583  6.76240382  6.82602785
  6.81192313  7.22822937  7.98909869  7.91562593  7.61204684  7.77275657
  8.19471267  8.65841424  9.78009289 10.31003178  9.77399044 10.92241369
 11.52485722 11.96708911 12.91842633 12.6165176  12.65906821 12.76720897
 13.37725874 14.4082457  14.58515358 14.65791047 14.22776479 13.70747801
 13.74766349 14.39055713 14.93503346 15.57191607 15.56495943 16.8061677
 17.38542592 19.04472095 20.02057178 20.458278   19.00448237 20.46086516
 20.92414412 21.40843172 22.16892961 23.30713257 22.55040911 21.76500349
 21.77369367 22.26340231 22.59603717 22.5233651  22.36633222 21.56010457
 21.24390496 20.9020699  20.34488866 19.98136633 19.59144367 19.3909416
 18.95083786 18.46482351 18.24480719 17.81043635 18.60022481 17.83133073
 17.00221429 16.75139825 17.08232216 18.88377088 19.85467997 19.88178908
 19.68200445 19.75556769 19.36937457 18.8731712  19.76608084 19.75593171
 20.24626327 20.13070797 20.27204357 20.85974342 21.12531148 20.98770815
 21.1024988  21.68393983 22.40641118 22.75280811 22.62858407 22.97120084
 22.44656829 22.95506924 23.09965094 22.84120631 22.66431523 22.18429996
 20.49437401 19.78001064 20.38216024 20.6639529  18.28503332 18.30772856
 18.60234652]",23.307132565153,"[ 6.72328492  6.53354864  6.46669411  6.56241583  6.76240382  6.82602785
  6.81192313  7.22822937  7.98909869  7.91562593  7.61204684  7.77275657
  8.19471267  8.65841424  9.78009289 10.31003178 10.6998439  12.13797015
 13.06038068 13.27092358 13.26403447 14.09720839 14.70275477 15.19762113
 14.44472509 14.47154935 15.04558001 15.23663647 14.22776479 13.70747801
 13.74766349 14.39055713 15.5598527  16.72871669 18.10769817 17.84017746
 18.27238605 19.04472095 20.02057178 20.458278   19.00448237 20.46086516
 20.92414412 21.40843172 22.16892961 23.30713257 22.55040911 21.76500349
 21.77369367 22.26340231 22.59603717 22.5233651  22.36633222 21.56010457
 21.24390496 20.9020699  21.22749665 21.608862   19.95473043 19.3909416
 18.95890988 18.61759202 18.2925787  18.57792802 19.34241002 18.80626003
 18.60641099 18.56342128 18.36964874 18.88377088 19.85467997 19.88178908
 19.68200445 19.75556769 19.36937457 18.8731712  19.76608084 19.75593171
 20.24626327 20.13070797 20.27204357 20.85974342 21.12531148 20.98770815
 21.1024988  21.68393983 22.40641118 22.75280811 22.62858407 22.97120084
 22.44656829 22.95506924 23.09965094 23.05587493 22.96107335 22.97417152
 22.69563596 22.77363621 22.57144639 21.91610276 21.88405907 20.78813475
 19.67407904]",23.307132565153,"[ 8.04410196  6.61354967  6.56996686  6.56241583  6.76240382  6.82602785
  6.81192313  7.22822937  7.98909869  7.91562593  7.61204684  7.77275657
  8.19471267  8.85822367  9.78009289 10.74373992 11.65519672 12.69136022
 13.81025646 15.4878474  15.65296117 15.5973424  15.63493217 15.91328325
 15.07917836 15.23521642 15.36401989 15.24922738 14.47930824 14.51421329
 14.63021096 14.45775758 15.5598527  16.72871669 18.10769817 17.84017746
 18.27238605 19.04472095 20.02057178 20.458278   19.00448237 20.46086516
 20.92414412 21.40843172 22.16892961 23.30713257 22.55040911 21.76500349
 21.77369367 22.26340231 22.59603717 22.5233651  22.36633222 21.56010457
 21.24390496 20.9020699  21.22749665 21.608862   19.95473043 19.3909416
 18.95890988 18.61759202 18.2925787  18.57792802 19.34241002 18.80626003
 18.60641099 18.56342128 18.36964874 18.88377088 19.85467997 19.88178908
 19.68200445 19.75556769 19.36937457 18.8731712  19.76608084 19.75593171
 20.24626327 20.13070797 20.27204357 20.85974342 21.12531148 20.98770815
 21.1024988  21.68393983 22.40641118 22.75280811 22.62858407 22.97120084
 22.44656829 22.95506924 23.09965094 23.05587493 22.96107335 22.97417152
 22.69563596 22.77363621 22.57144639 21.91610276 21.99490937 21.16263883
 20.49921536]",23.307132565153,72339505634.34508,86040130841.85329
17,04061966-18-19-15,"[19, 26, 29, 24, 50, 57, 63, 57, 72, 87, 89, 88]","[15, 20, 17, 13, 29, 24, 20, 18, 29, 29, 30, 26]","[99910.375, 100189.875, 100176.5, 100461.25, 100606.0625, 100823.625, 100734.6875, 100720.4375, 100669.6875, 100687.0, 100687.0, 100622.6875]","[17, 19, 25, 28, 41, 49, 56, 62, 68, 85, 85, 93]","[16, 18, 18, 20, 27, 28, 18, 19, 21, 28, 28, 30]",4,66,2509.706046852979,1880.9734387657224,38.02584919474211,28.4995975570564,55.083333333333336,22.5,52.333333333333336,22.58333333333333,"[19 20 21 22 24 25 26 26 27 28 28 28 29 28 27 26 26 25 24 28 33 37 41 46
 50 51 52 54 55 56 57 58 59 60 61 62 63 62 61 60 59 58 57 60 62 64 67 70
 72 74 77 80 82 84 87 87 88 88 88 89 89 89 89 88 88 88 88]","[15 16 17 18 18 19 20 20 19 18 18 18 17 16 16 15 14 14 13 16 18 21 24 26
 29 28 27 26 26 25 24 23 23 22 21 21 20 20 19 19 19 18 18 20 22 24 25 27
 29 29 29 29 29 29 29 29 29 30 30 30 30 29 29 28 27 27 26]","[5226 5227 5228 5229 5230 5231 5232 5233 5234 5235 5236 5237 5238 5239
 5240 5241 5242 5243 5244 5245 5246 5247 5248 5249 5250 5251 5252 5253
 5254 5255 5256 5257 5258 5259 5260 5261 5262 5263 5264 5265 5266 5267
 5268 5269 5270 5271 5272 5273 5274 5275 5276 5277 5278 5279 5280 5281
 5282 5283 5284 5285 5286 5287 5288 5289 5290 5291 5292]",8485608215.994232,"[ 99910.375   99880.5     99953.5     99997.25   100081.9375 100001.5625
 100189.875  100132.25   100162.625  100200.5625 100181.5625 100152.125
 100176.5    100210.8125 100190.875  100198.9375 100404.6875 100414.625
 100461.25   100507.1875 100476.75   100519.6875 100556.3125 100610.0625
 100606.0625 100611.4375 100615.4375 100617.9375 100730.25   100754.9375
 100823.625  100806.4375 100795.5    100791.0625 100810.5625 100773.5625
 100734.6875 100748.8125 100755.5625 100684.0625 100762.5    100760.5625
 100720.4375 100722.1875 100761.0625 100719.6875 100732.1875 100730.3125
 100669.6875 100676.75   100664.4375 100668.25   100695.8125 100711.75
 100687.     100702.0625 100678.1875 100620.1875 100611.125  100603.6875
 100622.6875 100571.     100542.25   100541.25   100546.9375 100575.
 100568.25  ]",99880.5,"[ 8.43300224  8.56672117  8.84674137  8.53241884  8.82609371  8.47637361
  8.86750602  9.20858694  9.76439555 10.08372404 10.17597563  9.82179047
  9.4710765   9.26289871  9.49889194  9.04295719  8.04415448  8.53901021
  8.76653733  8.53926374  8.63888511  8.76639236  7.89889426  8.33598527
  8.14313543  8.57366147  8.27631878  8.18786151  8.45972446  8.85847279
  9.6469431   9.8976211   9.32238776  8.54324311  7.61671835  6.90114538
  6.77534194  6.63017256  7.59169308  7.95846855  8.15600044  7.79358036
  7.7220832   7.82873175  8.09719278  8.18482899  8.38831305  8.85954599
 10.50682607 10.27817889 10.61056676  9.9087896   9.95274483  9.74761391
  9.60099493  9.46846993  9.83484608 10.25418194 10.75647423 11.44332683
 11.66821564 11.79601993 11.82788241 11.41072954 11.49835752 10.65555972
 10.41760904]",11.827882410722127,"[ 9.61802535  9.53822471  9.35471221  9.42534609  8.82609371  8.47637361
  8.86750602  9.20858694  9.76439555 10.08372404 10.17597563  9.82179047
  9.4710765   9.26289871  9.49889194  9.7008982   8.04415448  8.53901021
  8.76653733  8.53926374  8.63888511  8.76639236  8.88485475  9.06821451
  8.73774164  9.01339183  8.84091766  9.76759123  9.39593387 10.12584116
 10.49986207 10.39945099  9.66930132  8.98675983  9.38449456  9.8900161
  9.81238341  9.37530704  8.8231869   8.2390593   8.15600044  7.79358036
  7.7220832   8.35971186  9.53478751  9.35518867 10.69065184 11.50830713
 12.62957996 12.3415907  12.66056497 12.5902094  12.71493015 12.7466023
 12.67490352 11.76214555 12.01468277 11.2288062  10.75647423 11.44332683
 11.66821564 11.79601993 11.82788241 11.41072954 12.55533498 12.00479163
 12.15384145]",12.74660229575368,"[ 9.61802535  9.53822471  9.35471221  9.42534609 10.18038366 11.29741287
 11.91885358 11.55061006 11.00687737 10.08372404 10.17597563  9.82179047
  9.4710765   9.26289871  9.49889194  9.7008982   8.04415448  8.53901021
  8.76653733  8.53926374  8.63888511  8.76639236 10.88862123 11.3163285
 11.52025132 11.8603251  11.7886334  12.23560026 11.74338598 11.96723224
 12.45559545 12.32733659 11.64211626 11.72196517 11.34303845 11.20209777
  9.81238341  9.37530704  8.8231869   8.50827543  8.15600044  7.93256134
  8.07251977  9.08938138 10.99021327 11.57629809 12.27185518 13.0063876
 13.1532094  13.21564262 13.14657887 13.46812066 13.45883008 13.46728829
 13.64667418 13.97865488 14.09182632 14.5035302  14.57900729 14.37480115
 14.14257761 12.70487714 13.7506592  12.89563554 13.35601234 13.47547191
 13.70081486]",14.579007293231394,12283481350.996035,17517265478.18065
